2026.02.27 12:36:04 INFO  Started: Metals version 1.6.5 in folders '/Users/alokkumardalei/Desktop/gsoc' for client Antigravity 1.107.0.
2026.02.27 12:36:04 INFO  Memory monitor started
2026.02.27 12:36:04 WARN  Using H2 2.4.240 which is newer than the version Flyway has been verified with. The latest verified version of H2 is 2.3.232.
2026.02.27 12:36:04 INFO  no build target found for /Users/alokkumardalei/Desktop/gsoc/gsoc-onboarding/src/main/scala/gsoc/contributors/antoniojimeneznieto.scala. Using presentation compiler with project's scala-library version: 3.3.7
Feb 27, 2026 12:36:23 PM org.eclipse.lsp4j.jsonrpc.RemoteEndpoint handleCancellation
WARNING: Unmatched cancel notification for request id 2
2026.02.27 12:36:23 INFO  no build target found for /Users/alokkumardalei/Desktop/gsoc/gsoc-onboarding/src/main/scala/gsoc/contributors/antoniojimeneznieto.scala. Using presentation compiler with project's scala-library version: 3.3.7
2026.02.27 12:36:23 WARN  no build target for: /Users/alokkumardalei/Desktop/gsoc/gsoc-onboarding/src/main/scala/gsoc/contributors/antoniojimeneznieto.scala
2026.02.27 12:36:23 INFO  no build target found for /Users/alokkumardalei/Desktop/gsoc/gsoc-onboarding/src/main/scala/gsoc/contributors/antoniojimeneznieto.scala. Using presentation compiler with project's scala-library version: 3.3.7
2026.02.27 12:36:23 INFO  no build target found for /Users/alokkumardalei/Desktop/gsoc/gsoc-onboarding/src/main/scala/gsoc/contributors/antoniojimeneznieto.scala. Using presentation compiler with project's scala-library version: 3.3.7
2026.02.27 12:36:23 INFO  no build target found for /Users/alokkumardalei/Desktop/gsoc/gsoc-onboarding/src/main/scala/gsoc/contributors/antoniojimeneznieto.scala. Using presentation compiler with project's scala-library version: 3.3.7
2026.02.27 12:36:23 INFO  no build target found for /Users/alokkumardalei/Desktop/gsoc/gsoc-onboarding/src/main/scala/gsoc/contributors/antoniojimeneznieto.scala. Using presentation compiler with project's scala-library version: 3.3.7
2026.02.27 12:36:26 INFO  no build target found for /Users/alokkumardalei/Desktop/gsoc/gsoc-onboarding/src/main/scala/gsoc/contributors/antoniojimeneznieto.scala. Using presentation compiler with project's scala-library version: 3.3.7
2026.02.27 12:36:33 INFO  no build target found for /Users/alokkumardalei/Desktop/gsoc/gsoc-onboarding/src/main/scala/gsoc/contributors/valencik.scala. Using presentation compiler with project's scala-library version: 3.3.7
2026.02.27 12:36:33 INFO  no build target found for /Users/alokkumardalei/Desktop/gsoc/gsoc-onboarding/src/main/scala/gsoc/contributors/valencik.scala. Using presentation compiler with project's scala-library version: 3.3.7
2026.02.27 12:36:33 INFO  no build target found for /Users/alokkumardalei/Desktop/gsoc/gsoc-onboarding/src/main/scala/gsoc/contributors/valencik.scala. Using presentation compiler with project's scala-library version: 3.3.7
2026.02.27 12:36:33 INFO  no build target found for /Users/alokkumardalei/Desktop/gsoc/gsoc-onboarding/src/main/scala/gsoc/Contributor.scala. Using presentation compiler with project's scala-library version: 3.3.7
2026.02.27 12:36:34 INFO  no build target found for /Users/alokkumardalei/Desktop/gsoc/gsoc-onboarding/src/main/scala/gsoc/Contributor.scala. Using presentation compiler with project's scala-library version: 3.3.7
2026.02.27 12:36:35 INFO  no build target found for /Users/alokkumardalei/Desktop/gsoc/gsoc-onboarding/src/main/scala/gsoc/Contributor.scala. Using presentation compiler with project's scala-library version: 3.3.7
2026.02.27 12:36:35 INFO  no build target found for /Users/alokkumardalei/Desktop/gsoc/gsoc-onboarding/src/main/scala/gsoc/Main.scala. Using presentation compiler with project's scala-library version: 3.3.7
2026.02.27 12:36:35 INFO  no build target found for /Users/alokkumardalei/Desktop/gsoc/gsoc-onboarding/src/main/scala/gsoc/Main.scala. Using presentation compiler with project's scala-library version: 3.3.7
2026.02.27 12:36:40 INFO  no build target found for /Users/alokkumardalei/Desktop/gsoc/gsoc-onboarding/src/main/scala/gsoc/Main.scala. Using presentation compiler with project's scala-library version: 3.3.7
2026.02.27 12:36:40 INFO  no build target found for /Users/alokkumardalei/Desktop/gsoc/gsoc-onboarding/src/main/scala/gsoc/contributors/theivii.scala. Using presentation compiler with project's scala-library version: 3.3.7
2026.02.27 12:36:40 INFO  no build target found for /Users/alokkumardalei/Desktop/gsoc/gsoc-onboarding/src/main/scala/gsoc/contributors/theivii.scala. Using presentation compiler with project's scala-library version: 3.3.7
2026.02.27 12:36:50 INFO  no build target found for /Users/alokkumardalei/Desktop/gsoc/gsoc-onboarding/src/main/scala/gsoc/contributors/theivii.scala. Using presentation compiler with project's scala-library version: 3.3.7
2026.02.27 12:36:50 INFO  no build target found for /Users/alokkumardalei/Desktop/gsoc/gsoc-onboarding/project/plugins.sbt. Using presentation compiler with project's scala-library version: 3.3.7
2026.02.27 12:36:50 INFO  no build target found for /Users/alokkumardalei/Desktop/gsoc/gsoc-onboarding/project/plugins.sbt. Using presentation compiler with project's scala-library version: 3.3.7
2026.02.27 12:36:50 WARN  Could not find semantic tokens for: file:///Users/alokkumardalei/Desktop/gsoc/gsoc-onboarding/project/plugins.sbt
2026.02.27 12:36:54 INFO  no build target found for /Users/alokkumardalei/Desktop/gsoc/gsoc-onboarding/project/plugins.sbt. Using presentation compiler with project's scala-library version: 3.3.7
2026.02.27 12:40:06 WARN  no build target for: /Users/alokkumardalei/Desktop/gsoc/build.sbt
2026.02.27 12:40:06 INFO  no build target found for /Users/alokkumardalei/Desktop/gsoc/build.sbt. Using presentation compiler with project's scala-library version: 3.3.7
2026.02.27 12:41:29 INFO  no build target found for /Users/alokkumardalei/Desktop/gsoc/build.sbt. Using presentation compiler with project's scala-library version: 3.3.7
2026.02.27 12:41:42 INFO  no build target found for /Users/alokkumardalei/Desktop/gsoc/build.sbt. Using presentation compiler with project's scala-library version: 3.3.7
2026.02.27 12:42:39 INFO  no build target found for /Users/alokkumardalei/Desktop/gsoc/build.sbt. Using presentation compiler with project's scala-library version: 3.3.7
2026.02.27 12:42:42 INFO  no build target found for /Users/alokkumardalei/Desktop/gsoc/build.sbt. Using presentation compiler with project's scala-library version: 3.3.7
2026.02.27 12:42:44 INFO  no build target found for /Users/alokkumardalei/Desktop/gsoc/build.sbt. Using presentation compiler with project's scala-library version: 3.3.7
2026.02.27 12:42:47 INFO  no build target found for /Users/alokkumardalei/Desktop/gsoc/build.sbt. Using presentation compiler with project's scala-library version: 3.3.7
2026.02.27 12:47:06 INFO  no build target found for /Users/alokkumardalei/Desktop/gsoc/gsoc-onboarding/build.sbt. Using presentation compiler with project's scala-library version: 3.3.7
2026.02.27 12:47:32 INFO  no build target found for /Users/alokkumardalei/Desktop/gsoc/gsoc-onboarding/build.sbt. Using presentation compiler with project's scala-library version: 3.3.7
2026.02.27 12:47:32 WARN  no build target for: /Users/alokkumardalei/Desktop/gsoc/gsoc-onboarding/build.sbt
Downloading https://repo1.maven.org/maven2/org/scalameta/scalafmt-core_2.13/3.10.4/scalafmt-core_2.13-3.10.4.pom
Downloaded https://repo1.maven.org/maven2/org/scalameta/scalafmt-core_2.13/3.10.4/scalafmt-core_2.13-3.10.4.pom
Downloading https://repo1.maven.org/maven2/org/scalameta/scalafmt-config_2.13/3.10.4/scalafmt-config_2.13-3.10.4.pom
Downloading https://repo1.maven.org/maven2/org/scalameta/scalafmt-macros_2.13/3.10.4/scalafmt-macros_2.13-3.10.4.pom
Downloading https://repo1.maven.org/maven2/org/scalameta/mdoc-parser_2.13/2.8.2/mdoc-parser_2.13-2.8.2.pom
Downloaded https://repo1.maven.org/maven2/org/scalameta/mdoc-parser_2.13/2.8.2/mdoc-parser_2.13-2.8.2.pom
Downloaded https://repo1.maven.org/maven2/org/scalameta/scalafmt-macros_2.13/3.10.4/scalafmt-macros_2.13-3.10.4.pom
Downloaded https://repo1.maven.org/maven2/org/scalameta/scalafmt-config_2.13/3.10.4/scalafmt-config_2.13-3.10.4.pom
Downloading https://repo1.maven.org/maven2/org/scalameta/metaconfig-typesafe-config_2.13/0.18.2/metaconfig-typesafe-config_2.13-0.18.2.pom
Downloaded https://repo1.maven.org/maven2/org/scalameta/metaconfig-typesafe-config_2.13/0.18.2/metaconfig-typesafe-config_2.13-0.18.2.pom
Downloading https://repo1.maven.org/maven2/com/lihaoyi/sourcecode_2.13/0.4.0/sourcecode_2.13-0.4.0.pom
Downloaded https://repo1.maven.org/maven2/com/lihaoyi/sourcecode_2.13/0.4.0/sourcecode_2.13-0.4.0.pom
Downloading https://repo1.maven.org/maven2/org/scalameta/metaconfig-typesafe-config_2.13/0.18.2/metaconfig-typesafe-config_2.13-0.18.2.jar
Downloading https://repo1.maven.org/maven2/org/scalameta/scalafmt-core_2.13/3.10.4/scalafmt-core_2.13-3.10.4.jar
Downloading https://repo1.maven.org/maven2/org/scalameta/scalafmt-macros_2.13/3.10.4/scalafmt-macros_2.13-3.10.4.jar
Downloading https://repo1.maven.org/maven2/org/scalameta/mdoc-parser_2.13/2.8.2/mdoc-parser_2.13-2.8.2.jar
Downloading https://repo1.maven.org/maven2/org/scalameta/scalafmt-config_2.13/3.10.4/scalafmt-config_2.13-3.10.4.jar
Downloaded https://repo1.maven.org/maven2/org/scalameta/metaconfig-typesafe-config_2.13/0.18.2/metaconfig-typesafe-config_2.13-0.18.2.jar
Downloaded https://repo1.maven.org/maven2/org/scalameta/mdoc-parser_2.13/2.8.2/mdoc-parser_2.13-2.8.2.jar
Downloaded https://repo1.maven.org/maven2/org/scalameta/scalafmt-config_2.13/3.10.4/scalafmt-config_2.13-3.10.4.jar
Downloaded https://repo1.maven.org/maven2/org/scalameta/scalafmt-macros_2.13/3.10.4/scalafmt-macros_2.13-3.10.4.jar
2026.02.27 12:47:43 INFO  no build target found for /Users/alokkumardalei/Desktop/gsoc/build.sbt. Using presentation compiler with project's scala-library version: 3.3.7
Downloaded https://repo1.maven.org/maven2/org/scalameta/scalafmt-core_2.13/3.10.4/scalafmt-core_2.13-3.10.4.jar
2026.02.27 12:50:06 INFO  no build target found for /Users/alokkumardalei/Desktop/gsoc/gsoc-onboarding/build.sbt. Using presentation compiler with project's scala-library version: 3.3.7
2026.02.27 13:28:44 INFO  no build target found for /Users/alokkumardalei/Desktop/gsoc/gsoc-onboarding/src/main/scala/gsoc/contributors/all.scala. Using presentation compiler with project's scala-library version: 3.3.7
2026.02.27 13:28:44 INFO  no build target found for /Users/alokkumardalei/Desktop/gsoc/gsoc-onboarding/src/main/scala/gsoc/contributors/all.scala. Using presentation compiler with project's scala-library version: 3.3.7
2026.02.27 13:28:45 INFO  no build target found for /Users/alokkumardalei/Desktop/gsoc/gsoc-onboarding/src/main/scala/gsoc/contributors/all.scala. Using presentation compiler with project's scala-library version: 3.3.7
2026.02.27 13:28:45 INFO  no build target found for /Users/alokkumardalei/Desktop/gsoc/gsoc-onboarding/src/main/scala/gsoc/contributors/all.scala. Using presentation compiler with project's scala-library version: 3.3.7
2026.02.27 13:28:51 INFO  no build target found for /Users/alokkumardalei/Desktop/gsoc/gsoc-onboarding/src/main/scala/gsoc/contributors/all.scala. Using presentation compiler with project's scala-library version: 3.3.7
2026.02.27 13:28:52 INFO  no build target found for /Users/alokkumardalei/Desktop/gsoc/gsoc-onboarding/src/main/scala/gsoc/contributors/all.scala. Using presentation compiler with project's scala-library version: 3.3.7
2026.02.27 13:28:52 WARN  no build target for: /Users/alokkumardalei/Desktop/gsoc/gsoc-onboarding/src/main/scala/gsoc/contributors/all.scala
2026.02.27 13:28:52 INFO  no build target found for /Users/alokkumardalei/Desktop/gsoc/gsoc-onboarding/src/main/scala/gsoc/contributors/all.scala. Using presentation compiler with project's scala-library version: 3.3.7
2026.02.27 13:28:52 INFO  no build target found for /Users/alokkumardalei/Desktop/gsoc/gsoc-onboarding/src/main/scala/gsoc/contributors/all.scala. Using presentation compiler with project's scala-library version: 3.3.7
2026.02.27 13:28:56 INFO  no build target found for /Users/alokkumardalei/Desktop/gsoc/gsoc-onboarding/src/main/scala/gsoc/contributors/all.scala. Using presentation compiler with project's scala-library version: 3.3.7
2026.02.27 13:28:56 INFO  no build target found for /Users/alokkumardalei/Desktop/gsoc/gsoc-onboarding/src/main/scala/gsoc/contributors/all.scala. Using presentation compiler with project's scala-library version: 3.3.7
2026.02.27 13:28:56 INFO  no build target found for /Users/alokkumardalei/Desktop/gsoc/gsoc-onboarding/src/main/scala/gsoc/contributors/all.scala. Using presentation compiler with project's scala-library version: 3.3.7
2026.02.27 13:28:56 INFO  no build target found for /Users/alokkumardalei/Desktop/gsoc/gsoc-onboarding/src/main/scala/gsoc/contributors/all.scala. Using presentation compiler with project's scala-library version: 3.3.7
2026.02.27 13:28:57 INFO  no build target found for /Users/alokkumardalei/Desktop/gsoc/gsoc-onboarding/src/main/scala/gsoc/contributors/all.scala. Using presentation compiler with project's scala-library version: 3.3.7
2026.02.27 13:28:56 INFO  no build target found for /Users/alokkumardalei/Desktop/gsoc/gsoc-onboarding/src/main/scala/gsoc/contributors/all.scala. Using presentation compiler with project's scala-library version: 3.3.7
2026.02.27 13:28:56 INFO  no build target found for /Users/alokkumardalei/Desktop/gsoc/gsoc-onboarding/src/main/scala/gsoc/contributors/all.scala. Using presentation compiler with project's scala-library version: 3.3.7
2026.02.27 13:28:56 INFO  no build target found for /Users/alokkumardalei/Desktop/gsoc/gsoc-onboarding/src/main/scala/gsoc/contributors/all.scala. Using presentation compiler with project's scala-library version: 3.3.7
2026.02.27 13:28:56 INFO  no build target found for /Users/alokkumardalei/Desktop/gsoc/gsoc-onboarding/src/main/scala/gsoc/contributors/all.scala. Using presentation compiler with project's scala-library version: 3.3.7
2026.02.27 13:28:57 INFO  no build target found for /Users/alokkumardalei/Desktop/gsoc/gsoc-onboarding/src/main/scala/gsoc/contributors/all.scala. Using presentation compiler with project's scala-library version: 3.3.7
2026.02.27 13:28:56 INFO  no build target found for /Users/alokkumardalei/Desktop/gsoc/gsoc-onboarding/src/main/scala/gsoc/contributors/all.scala. Using presentation compiler with project's scala-library version: 3.3.7
2026.02.27 13:28:58 INFO  no build target found for /Users/alokkumardalei/Desktop/gsoc/gsoc-onboarding/src/main/scala/gsoc/contributors/all.scala. Using presentation compiler with project's scala-library version: 3.3.7
2026.02.27 13:28:58 INFO  no build target found for /Users/alokkumardalei/Desktop/gsoc/gsoc-onboarding/src/main/scala/gsoc/contributors/all.scala. Using presentation compiler with project's scala-library version: 3.3.7
2026.02.27 13:28:58 INFO  no build target found for /Users/alokkumardalei/Desktop/gsoc/gsoc-onboarding/src/main/scala/gsoc/contributors/all.scala. Using presentation compiler with project's scala-library version: 3.3.7
2026.02.27 13:28:58 INFO  no build target found for /Users/alokkumardalei/Desktop/gsoc/gsoc-onboarding/src/main/scala/gsoc/contributors/all.scala. Using presentation compiler with project's scala-library version: 3.3.7
2026.02.27 13:28:58 INFO  no build target found for /Users/alokkumardalei/Desktop/gsoc/gsoc-onboarding/src/main/scala/gsoc/contributors/all.scala. Using presentation compiler with project's scala-library version: 3.3.7
2026.02.27 13:28:58 INFO  no build target found for /Users/alokkumardalei/Desktop/gsoc/gsoc-onboarding/src/main/scala/gsoc/contributors/all.scala. Using presentation compiler with project's scala-library version: 3.3.7
2026.02.27 13:28:58 INFO  no build target found for /Users/alokkumardalei/Desktop/gsoc/gsoc-onboarding/src/main/scala/gsoc/contributors/all.scala. Using presentation compiler with project's scala-library version: 3.3.7
2026.02.27 13:28:58 INFO  no build target found for /Users/alokkumardalei/Desktop/gsoc/gsoc-onboarding/src/main/scala/gsoc/contributors/all.scala. Using presentation compiler with project's scala-library version: 3.3.7
2026.02.27 13:28:58 INFO  no build target found for /Users/alokkumardalei/Desktop/gsoc/gsoc-onboarding/src/main/scala/gsoc/contributors/all.scala. Using presentation compiler with project's scala-library version: 3.3.7
2026.02.27 13:28:58 INFO  no build target found for /Users/alokkumardalei/Desktop/gsoc/gsoc-onboarding/src/main/scala/gsoc/contributors/all.scala. Using presentation compiler with project's scala-library version: 3.3.7
2026.02.27 13:28:58 INFO  no build target found for /Users/alokkumardalei/Desktop/gsoc/gsoc-onboarding/src/main/scala/gsoc/contributors/all.scala. Using presentation compiler with project's scala-library version: 3.3.7
2026.02.27 13:28:58 INFO  no build target found for /Users/alokkumardalei/Desktop/gsoc/gsoc-onboarding/src/main/scala/gsoc/contributors/all.scala. Using presentation compiler with project's scala-library version: 3.3.7
2026.02.27 13:28:58 INFO  no build target found for /Users/alokkumardalei/Desktop/gsoc/gsoc-onboarding/src/main/scala/gsoc/contributors/all.scala. Using presentation compiler with project's scala-library version: 3.3.7
2026.02.27 13:28:58 INFO  no build target found for /Users/alokkumardalei/Desktop/gsoc/gsoc-onboarding/src/main/scala/gsoc/contributors/all.scala. Using presentation compiler with project's scala-library version: 3.3.7
2026.02.27 13:28:59 INFO  no build target found for /Users/alokkumardalei/Desktop/gsoc/gsoc-onboarding/src/main/scala/gsoc/contributors/all.scala. Using presentation compiler with project's scala-library version: 3.3.7
2026.02.27 13:28:59 INFO  no build target found for /Users/alokkumardalei/Desktop/gsoc/gsoc-onboarding/src/main/scala/gsoc/contributors/all.scala. Using presentation compiler with project's scala-library version: 3.3.7
2026.02.27 13:28:59 INFO  no build target found for /Users/alokkumardalei/Desktop/gsoc/gsoc-onboarding/src/main/scala/gsoc/contributors/all.scala. Using presentation compiler with project's scala-library version: 3.3.7
2026.02.27 13:28:59 INFO  no build target found for /Users/alokkumardalei/Desktop/gsoc/gsoc-onboarding/src/main/scala/gsoc/contributors/all.scala. Using presentation compiler with project's scala-library version: 3.3.7
2026.02.27 13:28:59 INFO  no build target found for /Users/alokkumardalei/Desktop/gsoc/gsoc-onboarding/src/main/scala/gsoc/contributors/all.scala. Using presentation compiler with project's scala-library version: 3.3.7
2026.02.27 13:28:59 INFO  no build target found for /Users/alokkumardalei/Desktop/gsoc/gsoc-onboarding/src/main/scala/gsoc/contributors/all.scala. Using presentation compiler with project's scala-library version: 3.3.7
2026.02.27 13:28:59 INFO  no build target found for /Users/alokkumardalei/Desktop/gsoc/gsoc-onboarding/src/main/scala/gsoc/contributors/all.scala. Using presentation compiler with project's scala-library version: 3.3.7
2026.02.27 13:28:59 INFO  no build target found for /Users/alokkumardalei/Desktop/gsoc/gsoc-onboarding/src/main/scala/gsoc/contributors/all.scala. Using presentation compiler with project's scala-library version: 3.3.7
2026.02.27 13:28:59 INFO  no build target found for /Users/alokkumardalei/Desktop/gsoc/gsoc-onboarding/src/main/scala/gsoc/contributors/all.scala. Using presentation compiler with project's scala-library version: 3.3.7
2026.02.27 13:28:59 INFO  no build target found for /Users/alokkumardalei/Desktop/gsoc/gsoc-onboarding/src/main/scala/gsoc/contributors/all.scala. Using presentation compiler with project's scala-library version: 3.3.7
2026.02.27 13:28:59 INFO  no build target found for /Users/alokkumardalei/Desktop/gsoc/gsoc-onboarding/src/main/scala/gsoc/contributors/all.scala. Using presentation compiler with project's scala-library version: 3.3.7
2026.02.27 13:28:59 INFO  no build target found for /Users/alokkumardalei/Desktop/gsoc/gsoc-onboarding/src/main/scala/gsoc/contributors/all.scala. Using presentation compiler with project's scala-library version: 3.3.7
2026.02.27 13:28:59 INFO  no build target found for /Users/alokkumardalei/Desktop/gsoc/gsoc-onboarding/src/main/scala/gsoc/contributors/all.scala. Using presentation compiler with project's scala-library version: 3.3.7
2026.02.27 13:28:59 INFO  no build target found for /Users/alokkumardalei/Desktop/gsoc/gsoc-onboarding/src/main/scala/gsoc/contributors/all.scala. Using presentation compiler with project's scala-library version: 3.3.7
2026.02.27 13:29:01 WARN  no build target for: /Users/alokkumardalei/Desktop/gsoc/gsoc-onboarding/src/main/scala/gsoc/contributors/all.scala
2026.02.27 13:29:01 INFO  no build target found for /Users/alokkumardalei/Desktop/gsoc/gsoc-onboarding/src/main/scala/gsoc/contributors/all.scala. Using presentation compiler with project's scala-library version: 3.3.7
2026.02.27 13:29:01 INFO  no build target found for /Users/alokkumardalei/Desktop/gsoc/gsoc-onboarding/src/main/scala/gsoc/contributors/all.scala. Using presentation compiler with project's scala-library version: 3.3.7
2026.02.27 13:29:01 INFO  no build target found for /Users/alokkumardalei/Desktop/gsoc/gsoc-onboarding/src/main/scala/gsoc/contributors/all.scala. Using presentation compiler with project's scala-library version: 3.3.7
2026.02.27 13:29:01 INFO  no build target found for /Users/alokkumardalei/Desktop/gsoc/gsoc-onboarding/src/main/scala/gsoc/contributors/all.scala. Using presentation compiler with project's scala-library version: 3.3.7
2026.02.27 13:29:01 INFO  no build target found for /Users/alokkumardalei/Desktop/gsoc/gsoc-onboarding/src/main/scala/gsoc/contributors/all.scala. Using presentation compiler with project's scala-library version: 3.3.7
2026.02.27 13:29:01 INFO  no build target found for /Users/alokkumardalei/Desktop/gsoc/gsoc-onboarding/src/main/scala/gsoc/contributors/all.scala. Using presentation compiler with project's scala-library version: 3.3.7
2026.02.27 13:29:01 INFO  no build target found for /Users/alokkumardalei/Desktop/gsoc/gsoc-onboarding/src/main/scala/gsoc/contributors/all.scala. Using presentation compiler with project's scala-library version: 3.3.7
2026.02.27 13:29:01 INFO  no build target found for /Users/alokkumardalei/Desktop/gsoc/gsoc-onboarding/src/main/scala/gsoc/contributors/all.scala. Using presentation compiler with project's scala-library version: 3.3.7
2026.02.27 13:29:01 INFO  no build target found for /Users/alokkumardalei/Desktop/gsoc/gsoc-onboarding/src/main/scala/gsoc/contributors/all.scala. Using presentation compiler with project's scala-library version: 3.3.7
2026.02.27 13:29:02 INFO  no build target found for /Users/alokkumardalei/Desktop/gsoc/gsoc-onboarding/src/main/scala/gsoc/contributors/all.scala. Using presentation compiler with project's scala-library version: 3.3.7
2026.02.27 13:29:01 INFO  no build target found for /Users/alokkumardalei/Desktop/gsoc/gsoc-onboarding/src/main/scala/gsoc/contributors/all.scala. Using presentation compiler with project's scala-library version: 3.3.7
2026.02.27 13:29:02 WARN  no build target for: /Users/alokkumardalei/Desktop/gsoc/gsoc-onboarding/src/main/scala/gsoc/contributors/all.scala
2026.02.27 13:29:02 INFO  no build target found for /Users/alokkumardalei/Desktop/gsoc/gsoc-onboarding/src/main/scala/gsoc/contributors/all.scala. Using presentation compiler with project's scala-library version: 3.3.7
2026.02.27 13:29:02 INFO  no build target found for /Users/alokkumardalei/Desktop/gsoc/gsoc-onboarding/src/main/scala/gsoc/contributors/all.scala. Using presentation compiler with project's scala-library version: 3.3.7
2026.02.27 13:29:11 INFO  no build target found for /Users/alokkumardalei/Desktop/gsoc/gsoc-onboarding/src/main/scala/gsoc/Contributor.scala. Using presentation compiler with project's scala-library version: 3.3.7
2026.02.27 13:29:11 INFO  no build target found for /Users/alokkumardalei/Desktop/gsoc/gsoc-onboarding/src/main/scala/gsoc/Contributor.scala. Using presentation compiler with project's scala-library version: 3.3.7
2026.02.27 13:31:55 INFO  no build target found for /Users/alokkumardalei/Desktop/gsoc/gsoc-onboarding/src/main/scala/gsoc/contributors/alokkumardalei-wq.scala. Using presentation compiler with project's scala-library version: 3.3.7
2026.02.27 13:31:55 ERROR scalafmt: [3.10.4] /Users/alokkumardalei/Desktop/gsoc/gsoc-onboarding/src/main/scala/gsoc/contributors/alokkumardalei-wq.scala:13: error: [dialect scala213] `;` expected but `.` found
  SignallingRef[IO].of(false).toResource.flatMap { revealed =>
                   ^
2026.02.27 13:31:55 INFO  no build target found for /Users/alokkumardalei/Desktop/gsoc/gsoc-onboarding/src/main/scala/gsoc/contributors/alokkumardalei-wq.scala. Using presentation compiler with project's scala-library version: 3.3.7
2026.02.27 13:31:55 WARN  no build target for: /Users/alokkumardalei/Desktop/gsoc/gsoc-onboarding/src/main/scala/gsoc/contributors/alokkumardalei-wq.scala
2026.02.27 13:32:19 INFO  no build target found for /Users/alokkumardalei/Desktop/gsoc/gsoc-onboarding/src/main/scala/gsoc/contributors/all.scala. Using presentation compiler with project's scala-library version: 3.3.7
2026.02.27 13:32:19 WARN  no build target for: /Users/alokkumardalei/Desktop/gsoc/gsoc-onboarding/src/main/scala/gsoc/contributors/all.scala
2026.02.27 13:32:19 INFO  no build target found for /Users/alokkumardalei/Desktop/gsoc/gsoc-onboarding/src/main/scala/gsoc/contributors/all.scala. Using presentation compiler with project's scala-library version: 3.3.7
2026.02.27 13:34:05 WARN  no build target for: /Users/alokkumardalei/Desktop/gsoc/gsoc-onboarding/src/main/scala/gsoc/contributors/alokkumardalei-wq.scala
2026.02.27 13:34:05 INFO  no build target found for /Users/alokkumardalei/Desktop/gsoc/gsoc-onboarding/src/main/scala/gsoc/contributors/alokkumardalei-wq.scala. Using presentation compiler with project's scala-library version: 3.3.7
2026.02.27 13:34:05 INFO  no build target found for /Users/alokkumardalei/Desktop/gsoc/gsoc-onboarding/src/main/scala/gsoc/contributors/alokkumardalei-wq.scala. Using presentation compiler with project's scala-library version: 3.3.7
2026.02.27 13:34:05 INFO  no build target found for /Users/alokkumardalei/Desktop/gsoc/gsoc-onboarding/src/main/scala/gsoc/contributors/alokkumardalei-wq.scala. Using presentation compiler with project's scala-library version: 3.3.7
2026.02.27 13:34:11 INFO  no build target found for /Users/alokkumardalei/Desktop/gsoc/gsoc-onboarding/src/main/scala/gsoc/contributors/alokkumardalei-wq.scala. Using presentation compiler with project's scala-library version: 3.3.7
2026.02.27 13:34:15 INFO  no build target found for /Users/alokkumardalei/Desktop/gsoc/gsoc-onboarding/src/main/scala/gsoc/contributors/alokkumardalei-wq.scala. Using presentation compiler with project's scala-library version: 3.3.7
2026.02.27 13:34:20 INFO  no build target found for /Users/alokkumardalei/Desktop/gsoc/gsoc-onboarding/src/main/scala/gsoc/contributors/alokkumardalei-wq.scala. Using presentation compiler with project's scala-library version: 3.3.7
2026.02.27 13:34:22 INFO  no build target found for /Users/alokkumardalei/Desktop/gsoc/gsoc-onboarding/src/main/scala/gsoc/contributors/alokkumardalei-wq.scala. Using presentation compiler with project's scala-library version: 3.3.7
2026.02.27 13:34:30 WARN  no build target for: /Users/alokkumardalei/Desktop/gsoc/gsoc-onboarding/src/main/scala/gsoc/contributors/all.scala
2026.02.27 13:34:30 INFO  no build target found for /Users/alokkumardalei/Desktop/gsoc/gsoc-onboarding/src/main/scala/gsoc/contributors/all.scala. Using presentation compiler with project's scala-library version: 3.3.7
2026.02.27 13:34:30 INFO  no build target found for /Users/alokkumardalei/Desktop/gsoc/gsoc-onboarding/src/main/scala/gsoc/contributors/all.scala. Using presentation compiler with project's scala-library version: 3.3.7
2026.02.27 13:34:30 INFO  no build target found for /Users/alokkumardalei/Desktop/gsoc/gsoc-onboarding/src/main/scala/gsoc/contributors/all.scala. Using presentation compiler with project's scala-library version: 3.3.7
2026.02.27 13:34:34 INFO  no build target found for /Users/alokkumardalei/Desktop/gsoc/gsoc-onboarding/src/main/scala/gsoc/contributors/all.scala. Using presentation compiler with project's scala-library version: 3.3.7
2026.02.27 13:34:34 INFO  no build target found for /Users/alokkumardalei/Desktop/gsoc/gsoc-onboarding/src/main/scala/gsoc/contributors/all.scala. Using presentation compiler with project's scala-library version: 3.3.7
2026.02.27 13:34:34 INFO  no build target found for /Users/alokkumardalei/Desktop/gsoc/gsoc-onboarding/src/main/scala/gsoc/contributors/all.scala. Using presentation compiler with project's scala-library version: 3.3.7
2026.02.27 13:34:40 INFO  no build target found for /Users/alokkumardalei/Desktop/gsoc/gsoc-onboarding/src/main/scala/gsoc/contributors/all.scala. Using presentation compiler with project's scala-library version: 3.3.7
2026.02.27 13:34:40 INFO  no build target found for /Users/alokkumardalei/Desktop/gsoc/gsoc-onboarding/src/main/scala/gsoc/contributors/all.scala. Using presentation compiler with project's scala-library version: 3.3.7
2026.02.27 13:34:41 INFO  no build target found for /Users/alokkumardalei/Desktop/gsoc/gsoc-onboarding/src/main/scala/gsoc/contributors/all.scala. Using presentation compiler with project's scala-library version: 3.3.7
2026.02.27 13:34:41 WARN  no build target for: /Users/alokkumardalei/Desktop/gsoc/gsoc-onboarding/src/main/scala/gsoc/contributors/all.scala
2026.02.27 13:34:41 INFO  no build target found for /Users/alokkumardalei/Desktop/gsoc/gsoc-onboarding/src/main/scala/gsoc/contributors/all.scala. Using presentation compiler with project's scala-library version: 3.3.7
2026.02.27 13:34:41 INFO  no build target found for /Users/alokkumardalei/Desktop/gsoc/gsoc-onboarding/src/main/scala/gsoc/contributors/all.scala. Using presentation compiler with project's scala-library version: 3.3.7
2026.02.27 13:34:42 INFO  no build target found for /Users/alokkumardalei/Desktop/gsoc/gsoc-onboarding/src/main/scala/gsoc/contributors/all.scala. Using presentation compiler with project's scala-library version: 3.3.7
2026.02.27 13:34:42 INFO  no build target found for /Users/alokkumardalei/Desktop/gsoc/gsoc-onboarding/src/main/scala/gsoc/contributors/all.scala. Using presentation compiler with project's scala-library version: 3.3.7
2026.02.27 13:34:42 INFO  no build target found for /Users/alokkumardalei/Desktop/gsoc/gsoc-onboarding/src/main/scala/gsoc/contributors/all.scala. Using presentation compiler with project's scala-library version: 3.3.7
2026.02.27 13:34:58 WARN  no build target for: /Users/alokkumardalei/Desktop/gsoc/gsoc-onboarding/src/main/scala/gsoc/contributors/alokkumardalei-wq.scala
2026.02.27 13:34:58 INFO  no build target found for /Users/alokkumardalei/Desktop/gsoc/gsoc-onboarding/src/main/scala/gsoc/contributors/alokkumardalei-wq.scala. Using presentation compiler with project's scala-library version: 3.3.7
2026.02.27 13:34:58 INFO  no build target found for /Users/alokkumardalei/Desktop/gsoc/gsoc-onboarding/src/main/scala/gsoc/contributors/alokkumardalei-wq.scala. Using presentation compiler with project's scala-library version: 3.3.7
2026.02.27 13:34:58 INFO  no build target found for /Users/alokkumardalei/Desktop/gsoc/gsoc-onboarding/src/main/scala/gsoc/contributors/alokkumardalei-wq.scala. Using presentation compiler with project's scala-library version: 3.3.7
2026.02.27 13:39:09 INFO  no build target found for /Users/alokkumardalei/Desktop/gsoc/gsoc-onboarding/src/main/scala/gsoc/contributors/all.scala. Using presentation compiler with project's scala-library version: 3.3.7
2026.02.27 13:39:09 INFO  no build target found for /Users/alokkumardalei/Desktop/gsoc/gsoc-onboarding/src/main/scala/gsoc/contributors/all.scala. Using presentation compiler with project's scala-library version: 3.3.7
2026.02.27 13:39:09 WARN  no build target for: /Users/alokkumardalei/Desktop/gsoc/gsoc-onboarding/src/main/scala/gsoc/contributors/all.scala
2026.02.27 13:39:09 INFO  no build target found for /Users/alokkumardalei/Desktop/gsoc/gsoc-onboarding/src/main/scala/gsoc/contributors/alokkumardalei-wq.scala. Using presentation compiler with project's scala-library version: 3.3.7
2026.02.27 13:39:18 INFO  no build target found for /Users/alokkumardalei/Desktop/gsoc/gsoc-onboarding/src/main/scala/gsoc/contributors/alokkumardalei-wq.scala. Using presentation compiler with project's scala-library version: 3.3.7
2026.02.27 13:39:21 WARN  no build target for: /Users/alokkumardalei/Desktop/gsoc/gsoc-onboarding/src/main/scala/gsoc/contributors/all.scala
2026.02.27 13:39:21 INFO  no build target found for /Users/alokkumardalei/Desktop/gsoc/gsoc-onboarding/src/main/scala/gsoc/contributors/all.scala. Using presentation compiler with project's scala-library version: 3.3.7
2026.02.27 13:39:22 INFO  no build target found for /Users/alokkumardalei/Desktop/gsoc/gsoc-onboarding/src/main/scala/gsoc/contributors/all.scala. Using presentation compiler with project's scala-library version: 3.3.7
2026.02.27 13:39:27 INFO  no build target found for /Users/alokkumardalei/Desktop/gsoc/gsoc-onboarding/src/main/scala/gsoc/contributors/all.scala. Using presentation compiler with project's scala-library version: 3.3.7
2026.02.27 13:39:27 INFO  no build target found for /Users/alokkumardalei/Desktop/gsoc/gsoc-onboarding/src/main/scala/gsoc/contributors/all.scala. Using presentation compiler with project's scala-library version: 3.3.7
2026.02.27 13:39:28 INFO  no build target found for /Users/alokkumardalei/Desktop/gsoc/gsoc-onboarding/src/main/scala/gsoc/contributors/all.scala. Using presentation compiler with project's scala-library version: 3.3.7
2026.02.27 13:39:52 INFO  no build target found for /Users/alokkumardalei/Desktop/gsoc/gsoc-onboarding/src/main/scala/gsoc/contributors/all.scala. Using presentation compiler with project's scala-library version: 3.3.7
2026.02.27 13:39:52 INFO  no build target found for /Users/alokkumardalei/Desktop/gsoc/gsoc-onboarding/src/main/scala/gsoc/contributors/all.scala. Using presentation compiler with project's scala-library version: 3.3.7
2026.02.27 13:39:52 INFO  no build target found for /Users/alokkumardalei/Desktop/gsoc/gsoc-onboarding/src/main/scala/gsoc/contributors/all.scala. Using presentation compiler with project's scala-library version: 3.3.7
2026.02.27 13:39:52 INFO  no build target found for /Users/alokkumardalei/Desktop/gsoc/gsoc-onboarding/src/main/scala/gsoc/contributors/all.scala. Using presentation compiler with project's scala-library version: 3.3.7
2026.02.27 13:39:52 INFO  no build target found for /Users/alokkumardalei/Desktop/gsoc/gsoc-onboarding/src/main/scala/gsoc/contributors/all.scala. Using presentation compiler with project's scala-library version: 3.3.7
2026.02.27 13:39:52 INFO  no build target found for /Users/alokkumardalei/Desktop/gsoc/gsoc-onboarding/src/main/scala/gsoc/contributors/all.scala. Using presentation compiler with project's scala-library version: 3.3.7
2026.02.27 13:39:52 INFO  no build target found for /Users/alokkumardalei/Desktop/gsoc/gsoc-onboarding/src/main/scala/gsoc/contributors/all.scala. Using presentation compiler with project's scala-library version: 3.3.7
2026.02.27 13:39:52 INFO  no build target found for /Users/alokkumardalei/Desktop/gsoc/gsoc-onboarding/src/main/scala/gsoc/contributors/all.scala. Using presentation compiler with project's scala-library version: 3.3.7
2026.02.27 13:39:52 INFO  no build target found for /Users/alokkumardalei/Desktop/gsoc/gsoc-onboarding/src/main/scala/gsoc/contributors/all.scala. Using presentation compiler with project's scala-library version: 3.3.7
2026.02.27 13:39:52 INFO  no build target found for /Users/alokkumardalei/Desktop/gsoc/gsoc-onboarding/src/main/scala/gsoc/contributors/all.scala. Using presentation compiler with project's scala-library version: 3.3.7
2026.02.27 13:39:52 INFO  no build target found for /Users/alokkumardalei/Desktop/gsoc/gsoc-onboarding/src/main/scala/gsoc/contributors/all.scala. Using presentation compiler with project's scala-library version: 3.3.7
2026.02.27 13:39:52 INFO  no build target found for /Users/alokkumardalei/Desktop/gsoc/gsoc-onboarding/src/main/scala/gsoc/contributors/all.scala. Using presentation compiler with project's scala-library version: 3.3.7
2026.02.27 13:39:52 INFO  no build target found for /Users/alokkumardalei/Desktop/gsoc/gsoc-onboarding/src/main/scala/gsoc/contributors/all.scala. Using presentation compiler with project's scala-library version: 3.3.7
2026.02.27 13:39:53 INFO  no build target found for /Users/alokkumardalei/Desktop/gsoc/gsoc-onboarding/src/main/scala/gsoc/contributors/all.scala. Using presentation compiler with project's scala-library version: 3.3.7
2026.02.27 13:39:53 INFO  no build target found for /Users/alokkumardalei/Desktop/gsoc/gsoc-onboarding/src/main/scala/gsoc/contributors/all.scala. Using presentation compiler with project's scala-library version: 3.3.7
2026.02.27 13:39:53 INFO  no build target found for /Users/alokkumardalei/Desktop/gsoc/gsoc-onboarding/src/main/scala/gsoc/contributors/all.scala. Using presentation compiler with project's scala-library version: 3.3.7
2026.02.27 13:39:53 INFO  no build target found for /Users/alokkumardalei/Desktop/gsoc/gsoc-onboarding/src/main/scala/gsoc/contributors/all.scala. Using presentation compiler with project's scala-library version: 3.3.7
2026.02.27 13:39:54 WARN  no build target for: /Users/alokkumardalei/Desktop/gsoc/gsoc-onboarding/src/main/scala/gsoc/contributors/all.scala
2026.02.27 13:39:54 INFO  no build target found for /Users/alokkumardalei/Desktop/gsoc/gsoc-onboarding/src/main/scala/gsoc/contributors/all.scala. Using presentation compiler with project's scala-library version: 3.3.7
2026.02.27 13:39:53 INFO  no build target found for /Users/alokkumardalei/Desktop/gsoc/gsoc-onboarding/src/main/scala/gsoc/contributors/all.scala. Using presentation compiler with project's scala-library version: 3.3.7
2026.02.27 13:39:55 INFO  no build target found for /Users/alokkumardalei/Desktop/gsoc/gsoc-onboarding/src/main/scala/gsoc/contributors/all.scala. Using presentation compiler with project's scala-library version: 3.3.7
2026.02.27 13:39:55 INFO  no build target found for /Users/alokkumardalei/Desktop/gsoc/gsoc-onboarding/src/main/scala/gsoc/contributors/all.scala. Using presentation compiler with project's scala-library version: 3.3.7
2026.02.27 13:39:55 INFO  no build target found for /Users/alokkumardalei/Desktop/gsoc/gsoc-onboarding/src/main/scala/gsoc/contributors/all.scala. Using presentation compiler with project's scala-library version: 3.3.7
2026.02.27 13:39:55 INFO  no build target found for /Users/alokkumardalei/Desktop/gsoc/gsoc-onboarding/src/main/scala/gsoc/contributors/all.scala. Using presentation compiler with project's scala-library version: 3.3.7
2026.02.27 13:39:55 INFO  no build target found for /Users/alokkumardalei/Desktop/gsoc/gsoc-onboarding/src/main/scala/gsoc/contributors/all.scala. Using presentation compiler with project's scala-library version: 3.3.7
2026.02.27 13:39:56 INFO  no build target found for /Users/alokkumardalei/Desktop/gsoc/gsoc-onboarding/src/main/scala/gsoc/contributors/all.scala. Using presentation compiler with project's scala-library version: 3.3.7
2026.02.27 13:39:55 INFO  no build target found for /Users/alokkumardalei/Desktop/gsoc/gsoc-onboarding/src/main/scala/gsoc/contributors/all.scala. Using presentation compiler with project's scala-library version: 3.3.7
2026.02.27 13:39:55 INFO  no build target found for /Users/alokkumardalei/Desktop/gsoc/gsoc-onboarding/src/main/scala/gsoc/contributors/all.scala. Using presentation compiler with project's scala-library version: 3.3.7
2026.02.27 13:39:56 INFO  no build target found for /Users/alokkumardalei/Desktop/gsoc/gsoc-onboarding/src/main/scala/gsoc/contributors/all.scala. Using presentation compiler with project's scala-library version: 3.3.7
2026.02.27 13:39:56 INFO  no build target found for /Users/alokkumardalei/Desktop/gsoc/gsoc-onboarding/src/main/scala/gsoc/contributors/all.scala. Using presentation compiler with project's scala-library version: 3.3.7
2026.02.27 13:39:56 INFO  no build target found for /Users/alokkumardalei/Desktop/gsoc/gsoc-onboarding/src/main/scala/gsoc/contributors/all.scala. Using presentation compiler with project's scala-library version: 3.3.7
2026.02.27 13:39:57 WARN  no build target for: /Users/alokkumardalei/Desktop/gsoc/gsoc-onboarding/src/main/scala/gsoc/contributors/all.scala
2026.02.27 13:39:57 INFO  no build target found for /Users/alokkumardalei/Desktop/gsoc/gsoc-onboarding/src/main/scala/gsoc/contributors/all.scala. Using presentation compiler with project's scala-library version: 3.3.7
2026.02.27 13:40:10 INFO  no build target found for /Users/alokkumardalei/Desktop/gsoc/gsoc-onboarding/src/main/scala/gsoc/contributors/all.scala. Using presentation compiler with project's scala-library version: 3.3.7
2026.02.27 13:40:10 INFO  no build target found for /Users/alokkumardalei/Desktop/gsoc/gsoc-onboarding/src/main/scala/gsoc/contributors/all.scala. Using presentation compiler with project's scala-library version: 3.3.7
2026.02.27 13:40:13 INFO  no build target found for /Users/alokkumardalei/Desktop/gsoc/gsoc-onboarding/src/main/scala/gsoc/contributors/all.scala. Using presentation compiler with project's scala-library version: 3.3.7
2026.02.27 13:40:13 INFO  no build target found for /Users/alokkumardalei/Desktop/gsoc/gsoc-onboarding/src/main/scala/gsoc/contributors/all.scala. Using presentation compiler with project's scala-library version: 3.3.7
2026.02.27 13:40:15 INFO  no build target found for /Users/alokkumardalei/Desktop/gsoc/gsoc-onboarding/src/main/scala/gsoc/contributors/all.scala. Using presentation compiler with project's scala-library version: 3.3.7
2026.02.27 13:40:15 INFO  no build target found for /Users/alokkumardalei/Desktop/gsoc/gsoc-onboarding/src/main/scala/gsoc/contributors/all.scala. Using presentation compiler with project's scala-library version: 3.3.7
2026.02.27 13:40:15 INFO  no build target found for /Users/alokkumardalei/Desktop/gsoc/gsoc-onboarding/src/main/scala/gsoc/contributors/all.scala. Using presentation compiler with project's scala-library version: 3.3.7
2026.02.27 13:40:15 INFO  no build target found for /Users/alokkumardalei/Desktop/gsoc/gsoc-onboarding/src/main/scala/gsoc/contributors/all.scala. Using presentation compiler with project's scala-library version: 3.3.7
2026.02.27 13:40:16 INFO  no build target found for /Users/alokkumardalei/Desktop/gsoc/gsoc-onboarding/src/main/scala/gsoc/contributors/all.scala. Using presentation compiler with project's scala-library version: 3.3.7
2026.02.27 13:40:16 INFO  no build target found for /Users/alokkumardalei/Desktop/gsoc/gsoc-onboarding/src/main/scala/gsoc/contributors/all.scala. Using presentation compiler with project's scala-library version: 3.3.7
2026.02.27 13:40:16 INFO  no build target found for /Users/alokkumardalei/Desktop/gsoc/gsoc-onboarding/src/main/scala/gsoc/contributors/all.scala. Using presentation compiler with project's scala-library version: 3.3.7
2026.02.27 13:40:17 INFO  no build target found for /Users/alokkumardalei/Desktop/gsoc/gsoc-onboarding/src/main/scala/gsoc/contributors/all.scala. Using presentation compiler with project's scala-library version: 3.3.7
2026.02.27 13:40:17 WARN  no build target for: /Users/alokkumardalei/Desktop/gsoc/gsoc-onboarding/src/main/scala/gsoc/contributors/all.scala
2026.02.27 13:40:16 INFO  no build target found for /Users/alokkumardalei/Desktop/gsoc/gsoc-onboarding/src/main/scala/gsoc/contributors/all.scala. Using presentation compiler with project's scala-library version: 3.3.7
2026.02.27 13:48:45 INFO  no build target found for /Users/alokkumardalei/Desktop/gsoc/gsoc-onboarding/src/main/scala/gsoc/contributors/all.scala. Using presentation compiler with project's scala-library version: 3.3.7
2026.02.27 13:48:45 INFO  no build target found for /Users/alokkumardalei/Desktop/gsoc/gsoc-onboarding/src/main/scala/gsoc/contributors/all.scala. Using presentation compiler with project's scala-library version: 3.3.7
2026.02.27 13:48:45 WARN  no build target for: /Users/alokkumardalei/Desktop/gsoc/gsoc-onboarding/src/main/scala/gsoc/contributors/all.scala
2026.02.27 13:48:45 INFO  no build target found for /Users/alokkumardalei/Desktop/gsoc/gsoc-onboarding/src/main/scala/gsoc/contributors/all.scala. Using presentation compiler with project's scala-library version: 3.3.7
2026.02.27 13:48:45 INFO  no build target found for /Users/alokkumardalei/Desktop/gsoc/gsoc-onboarding/src/main/scala/gsoc/contributors/all.scala. Using presentation compiler with project's scala-library version: 3.3.7
2026.02.27 13:50:23 INFO  no build target found for /Users/alokkumardalei/Desktop/gsoc/gsoc-onboarding/src/main/scala/gsoc/contributors/alokkumardalei-wq.scala. Using presentation compiler with project's scala-library version: 3.3.7
2026.02.27 13:50:23 WARN  no build target for: /Users/alokkumardalei/Desktop/gsoc/gsoc-onboarding/src/main/scala/gsoc/contributors/alokkumardalei-wq.scala
2026.02.27 13:50:23 INFO  no build target found for /Users/alokkumardalei/Desktop/gsoc/gsoc-onboarding/src/main/scala/gsoc/contributors/alokkumardalei-wq.scala. Using presentation compiler with project's scala-library version: 3.3.7
2026.02.27 13:50:23 INFO  no build target found for /Users/alokkumardalei/Desktop/gsoc/gsoc-onboarding/src/main/scala/gsoc/contributors/alokkumardalei-wq.scala. Using presentation compiler with project's scala-library version: 3.3.7
2026.02.27 13:50:31 INFO  no build target found for /Users/alokkumardalei/Desktop/gsoc/gsoc-onboarding/src/main/scala/gsoc/contributors/alokkumardalei-wq.scala. Using presentation compiler with project's scala-library version: 3.3.7
2026.02.27 13:50:32 INFO  no build target found for /Users/alokkumardalei/Desktop/gsoc/gsoc-onboarding/src/main/scala/gsoc/contributors/alokkumardalei-wq.scala. Using presentation compiler with project's scala-library version: 3.3.7
2026.02.27 13:50:32 INFO  no build target found for /Users/alokkumardalei/Desktop/gsoc/gsoc-onboarding/src/main/scala/gsoc/contributors/alokkumardalei-wq.scala. Using presentation compiler with project's scala-library version: 3.3.7
2026.02.27 13:50:33 INFO  no build target found for /Users/alokkumardalei/Desktop/gsoc/gsoc-onboarding/src/main/scala/gsoc/contributors/alokkumardalei-wq.scala. Using presentation compiler with project's scala-library version: 3.3.7
2026.02.27 13:50:33 INFO  no build target found for /Users/alokkumardalei/Desktop/gsoc/gsoc-onboarding/src/main/scala/gsoc/contributors/alokkumardalei-wq.scala. Using presentation compiler with project's scala-library version: 3.3.7
2026.02.27 13:50:33 INFO  no build target found for /Users/alokkumardalei/Desktop/gsoc/gsoc-onboarding/src/main/scala/gsoc/contributors/alokkumardalei-wq.scala. Using presentation compiler with project's scala-library version: 3.3.7
2026.02.27 13:50:34 INFO  no build target found for /Users/alokkumardalei/Desktop/gsoc/gsoc-onboarding/src/main/scala/gsoc/contributors/alokkumardalei-wq.scala. Using presentation compiler with project's scala-library version: 3.3.7
2026.02.27 13:50:34 INFO  no build target found for /Users/alokkumardalei/Desktop/gsoc/gsoc-onboarding/src/main/scala/gsoc/contributors/alokkumardalei-wq.scala. Using presentation compiler with project's scala-library version: 3.3.7
2026.02.27 13:50:35 INFO  no build target found for /Users/alokkumardalei/Desktop/gsoc/gsoc-onboarding/src/main/scala/gsoc/contributors/alokkumardalei-wq.scala. Using presentation compiler with project's scala-library version: 3.3.7
2026.02.27 13:50:34 INFO  no build target found for /Users/alokkumardalei/Desktop/gsoc/gsoc-onboarding/src/main/scala/gsoc/contributors/alokkumardalei-wq.scala. Using presentation compiler with project's scala-library version: 3.3.7
2026.02.27 13:50:34 INFO  no build target found for /Users/alokkumardalei/Desktop/gsoc/gsoc-onboarding/src/main/scala/gsoc/contributors/alokkumardalei-wq.scala. Using presentation compiler with project's scala-library version: 3.3.7
2026.02.27 13:50:35 INFO  no build target found for /Users/alokkumardalei/Desktop/gsoc/gsoc-onboarding/src/main/scala/gsoc/contributors/alokkumardalei-wq.scala. Using presentation compiler with project's scala-library version: 3.3.7
2026.02.27 13:50:34 INFO  no build target found for /Users/alokkumardalei/Desktop/gsoc/gsoc-onboarding/src/main/scala/gsoc/contributors/alokkumardalei-wq.scala. Using presentation compiler with project's scala-library version: 3.3.7
2026.02.27 13:50:34 INFO  no build target found for /Users/alokkumardalei/Desktop/gsoc/gsoc-onboarding/src/main/scala/gsoc/contributors/alokkumardalei-wq.scala. Using presentation compiler with project's scala-library version: 3.3.7
2026.02.27 13:50:36 INFO  no build target found for /Users/alokkumardalei/Desktop/gsoc/gsoc-onboarding/src/main/scala/gsoc/contributors/alokkumardalei-wq.scala. Using presentation compiler with project's scala-library version: 3.3.7
2026.02.27 13:50:36 INFO  no build target found for /Users/alokkumardalei/Desktop/gsoc/gsoc-onboarding/src/main/scala/gsoc/contributors/alokkumardalei-wq.scala. Using presentation compiler with project's scala-library version: 3.3.7
2026.02.27 13:50:36 INFO  no build target found for /Users/alokkumardalei/Desktop/gsoc/gsoc-onboarding/src/main/scala/gsoc/contributors/alokkumardalei-wq.scala. Using presentation compiler with project's scala-library version: 3.3.7
2026.02.27 13:50:36 INFO  no build target found for /Users/alokkumardalei/Desktop/gsoc/gsoc-onboarding/src/main/scala/gsoc/contributors/alokkumardalei-wq.scala. Using presentation compiler with project's scala-library version: 3.3.7
2026.02.27 13:50:36 INFO  no build target found for /Users/alokkumardalei/Desktop/gsoc/gsoc-onboarding/src/main/scala/gsoc/contributors/alokkumardalei-wq.scala. Using presentation compiler with project's scala-library version: 3.3.7
2026.02.27 13:50:36 INFO  no build target found for /Users/alokkumardalei/Desktop/gsoc/gsoc-onboarding/src/main/scala/gsoc/contributors/alokkumardalei-wq.scala. Using presentation compiler with project's scala-library version: 3.3.7
2026.02.27 13:50:36 INFO  no build target found for /Users/alokkumardalei/Desktop/gsoc/gsoc-onboarding/src/main/scala/gsoc/contributors/alokkumardalei-wq.scala. Using presentation compiler with project's scala-library version: 3.3.7
2026.02.27 13:50:37 INFO  no build target found for /Users/alokkumardalei/Desktop/gsoc/gsoc-onboarding/src/main/scala/gsoc/contributors/alokkumardalei-wq.scala. Using presentation compiler with project's scala-library version: 3.3.7
2026.02.27 13:50:37 INFO  no build target found for /Users/alokkumardalei/Desktop/gsoc/gsoc-onboarding/src/main/scala/gsoc/contributors/alokkumardalei-wq.scala. Using presentation compiler with project's scala-library version: 3.3.7
2026.02.27 13:50:37 WARN  no build target for: /Users/alokkumardalei/Desktop/gsoc/gsoc-onboarding/src/main/scala/gsoc/contributors/alokkumardalei-wq.scala
2026.02.27 13:50:37 INFO  no build target found for /Users/alokkumardalei/Desktop/gsoc/gsoc-onboarding/src/main/scala/gsoc/contributors/alokkumardalei-wq.scala. Using presentation compiler with project's scala-library version: 3.3.7
2026.02.27 13:50:39 INFO  no build target found for /Users/alokkumardalei/Desktop/gsoc/gsoc-onboarding/src/main/scala/gsoc/contributors/alokkumardalei-wq.scala. Using presentation compiler with project's scala-library version: 3.3.7
2026.02.27 13:50:39 INFO  no build target found for /Users/alokkumardalei/Desktop/gsoc/gsoc-onboarding/src/main/scala/gsoc/contributors/alokkumardalei-wq.scala. Using presentation compiler with project's scala-library version: 3.3.7
2026.02.27 13:50:39 INFO  no build target found for /Users/alokkumardalei/Desktop/gsoc/gsoc-onboarding/src/main/scala/gsoc/contributors/alokkumardalei-wq.scala. Using presentation compiler with project's scala-library version: 3.3.7
2026.02.27 13:50:40 WARN  no build target for: /Users/alokkumardalei/Desktop/gsoc/gsoc-onboarding/src/main/scala/gsoc/contributors/alokkumardalei-wq.scala
2026.02.27 13:50:39 INFO  no build target found for /Users/alokkumardalei/Desktop/gsoc/gsoc-onboarding/src/main/scala/gsoc/contributors/alokkumardalei-wq.scala. Using presentation compiler with project's scala-library version: 3.3.7
2026.02.27 13:50:40 INFO  no build target found for /Users/alokkumardalei/Desktop/gsoc/gsoc-onboarding/src/main/scala/gsoc/contributors/alokkumardalei-wq.scala. Using presentation compiler with project's scala-library version: 3.3.7
2026.02.27 13:50:40 INFO  no build target found for /Users/alokkumardalei/Desktop/gsoc/gsoc-onboarding/src/main/scala/gsoc/contributors/alokkumardalei-wq.scala. Using presentation compiler with project's scala-library version: 3.3.7
2026.02.27 13:50:40 INFO  no build target found for /Users/alokkumardalei/Desktop/gsoc/gsoc-onboarding/src/main/scala/gsoc/contributors/alokkumardalei-wq.scala. Using presentation compiler with project's scala-library version: 3.3.7
2026.02.27 13:50:41 INFO  no build target found for /Users/alokkumardalei/Desktop/gsoc/gsoc-onboarding/src/main/scala/gsoc/contributors/alokkumardalei-wq.scala. Using presentation compiler with project's scala-library version: 3.3.7
2026.02.27 13:50:40 INFO  no build target found for /Users/alokkumardalei/Desktop/gsoc/gsoc-onboarding/src/main/scala/gsoc/contributors/alokkumardalei-wq.scala. Using presentation compiler with project's scala-library version: 3.3.7
2026.02.27 13:50:40 INFO  no build target found for /Users/alokkumardalei/Desktop/gsoc/gsoc-onboarding/src/main/scala/gsoc/contributors/alokkumardalei-wq.scala. Using presentation compiler with project's scala-library version: 3.3.7
2026.02.27 13:50:40 INFO  no build target found for /Users/alokkumardalei/Desktop/gsoc/gsoc-onboarding/src/main/scala/gsoc/contributors/alokkumardalei-wq.scala. Using presentation compiler with project's scala-library version: 3.3.7
2026.02.27 13:50:41 INFO  no build target found for /Users/alokkumardalei/Desktop/gsoc/gsoc-onboarding/src/main/scala/gsoc/contributors/alokkumardalei-wq.scala. Using presentation compiler with project's scala-library version: 3.3.7
2026.02.27 13:50:40 INFO  no build target found for /Users/alokkumardalei/Desktop/gsoc/gsoc-onboarding/src/main/scala/gsoc/contributors/alokkumardalei-wq.scala. Using presentation compiler with project's scala-library version: 3.3.7
2026.02.27 13:50:40 INFO  no build target found for /Users/alokkumardalei/Desktop/gsoc/gsoc-onboarding/src/main/scala/gsoc/contributors/alokkumardalei-wq.scala. Using presentation compiler with project's scala-library version: 3.3.7
2026.02.27 13:50:41 INFO  no build target found for /Users/alokkumardalei/Desktop/gsoc/gsoc-onboarding/src/main/scala/gsoc/contributors/alokkumardalei-wq.scala. Using presentation compiler with project's scala-library version: 3.3.7
2026.02.27 13:50:42 INFO  no build target found for /Users/alokkumardalei/Desktop/gsoc/gsoc-onboarding/src/main/scala/gsoc/contributors/alokkumardalei-wq.scala. Using presentation compiler with project's scala-library version: 3.3.7
2026.02.27 13:50:42 INFO  no build target found for /Users/alokkumardalei/Desktop/gsoc/gsoc-onboarding/src/main/scala/gsoc/contributors/alokkumardalei-wq.scala. Using presentation compiler with project's scala-library version: 3.3.7
2026.02.27 13:50:42 INFO  no build target found for /Users/alokkumardalei/Desktop/gsoc/gsoc-onboarding/src/main/scala/gsoc/contributors/alokkumardalei-wq.scala. Using presentation compiler with project's scala-library version: 3.3.7
2026.02.27 13:50:42 INFO  no build target found for /Users/alokkumardalei/Desktop/gsoc/gsoc-onboarding/src/main/scala/gsoc/contributors/alokkumardalei-wq.scala. Using presentation compiler with project's scala-library version: 3.3.7
2026.02.27 13:50:42 INFO  no build target found for /Users/alokkumardalei/Desktop/gsoc/gsoc-onboarding/src/main/scala/gsoc/contributors/alokkumardalei-wq.scala. Using presentation compiler with project's scala-library version: 3.3.7
2026.02.27 13:50:43 INFO  no build target found for /Users/alokkumardalei/Desktop/gsoc/gsoc-onboarding/src/main/scala/gsoc/contributors/alokkumardalei-wq.scala. Using presentation compiler with project's scala-library version: 3.3.7
2026.02.27 13:50:43 INFO  no build target found for /Users/alokkumardalei/Desktop/gsoc/gsoc-onboarding/src/main/scala/gsoc/contributors/alokkumardalei-wq.scala. Using presentation compiler with project's scala-library version: 3.3.7
2026.02.27 13:50:43 INFO  no build target found for /Users/alokkumardalei/Desktop/gsoc/gsoc-onboarding/src/main/scala/gsoc/contributors/alokkumardalei-wq.scala. Using presentation compiler with project's scala-library version: 3.3.7
2026.02.27 13:50:43 INFO  no build target found for /Users/alokkumardalei/Desktop/gsoc/gsoc-onboarding/src/main/scala/gsoc/contributors/alokkumardalei-wq.scala. Using presentation compiler with project's scala-library version: 3.3.7
2026.02.27 13:50:43 INFO  no build target found for /Users/alokkumardalei/Desktop/gsoc/gsoc-onboarding/src/main/scala/gsoc/contributors/alokkumardalei-wq.scala. Using presentation compiler with project's scala-library version: 3.3.7
2026.02.27 13:50:43 INFO  no build target found for /Users/alokkumardalei/Desktop/gsoc/gsoc-onboarding/src/main/scala/gsoc/contributors/alokkumardalei-wq.scala. Using presentation compiler with project's scala-library version: 3.3.7
2026.02.27 13:50:44 INFO  no build target found for /Users/alokkumardalei/Desktop/gsoc/gsoc-onboarding/src/main/scala/gsoc/contributors/alokkumardalei-wq.scala. Using presentation compiler with project's scala-library version: 3.3.7
2026.02.27 13:50:44 WARN  no build target for: /Users/alokkumardalei/Desktop/gsoc/gsoc-onboarding/src/main/scala/gsoc/contributors/alokkumardalei-wq.scala
2026.02.27 13:50:44 INFO  no build target found for /Users/alokkumardalei/Desktop/gsoc/gsoc-onboarding/src/main/scala/gsoc/contributors/alokkumardalei-wq.scala. Using presentation compiler with project's scala-library version: 3.3.7
2026.02.27 13:50:46 INFO  no build target found for /Users/alokkumardalei/Desktop/gsoc/gsoc-onboarding/src/main/scala/gsoc/contributors/alokkumardalei-wq.scala. Using presentation compiler with project's scala-library version: 3.3.7
2026.02.27 13:50:46 INFO  no build target found for /Users/alokkumardalei/Desktop/gsoc/gsoc-onboarding/src/main/scala/gsoc/contributors/alokkumardalei-wq.scala. Using presentation compiler with project's scala-library version: 3.3.7
2026.02.27 13:50:46 INFO  no build target found for /Users/alokkumardalei/Desktop/gsoc/gsoc-onboarding/src/main/scala/gsoc/contributors/alokkumardalei-wq.scala. Using presentation compiler with project's scala-library version: 3.3.7
2026.02.27 13:50:46 INFO  no build target found for /Users/alokkumardalei/Desktop/gsoc/gsoc-onboarding/src/main/scala/gsoc/contributors/alokkumardalei-wq.scala. Using presentation compiler with project's scala-library version: 3.3.7
2026.02.27 13:50:46 INFO  no build target found for /Users/alokkumardalei/Desktop/gsoc/gsoc-onboarding/src/main/scala/gsoc/contributors/alokkumardalei-wq.scala. Using presentation compiler with project's scala-library version: 3.3.7
2026.02.27 13:50:46 INFO  no build target found for /Users/alokkumardalei/Desktop/gsoc/gsoc-onboarding/src/main/scala/gsoc/contributors/alokkumardalei-wq.scala. Using presentation compiler with project's scala-library version: 3.3.7
2026.02.27 13:50:46 INFO  no build target found for /Users/alokkumardalei/Desktop/gsoc/gsoc-onboarding/src/main/scala/gsoc/contributors/alokkumardalei-wq.scala. Using presentation compiler with project's scala-library version: 3.3.7
2026.02.27 13:50:47 WARN  no build target for: /Users/alokkumardalei/Desktop/gsoc/gsoc-onboarding/src/main/scala/gsoc/contributors/alokkumardalei-wq.scala
2026.02.27 13:50:47 INFO  no build target found for /Users/alokkumardalei/Desktop/gsoc/gsoc-onboarding/src/main/scala/gsoc/contributors/alokkumardalei-wq.scala. Using presentation compiler with project's scala-library version: 3.3.7
2026.02.27 13:50:47 INFO  no build target found for /Users/alokkumardalei/Desktop/gsoc/gsoc-onboarding/src/main/scala/gsoc/contributors/alokkumardalei-wq.scala. Using presentation compiler with project's scala-library version: 3.3.7
2026.02.27 13:50:47 INFO  no build target found for /Users/alokkumardalei/Desktop/gsoc/gsoc-onboarding/src/main/scala/gsoc/contributors/alokkumardalei-wq.scala. Using presentation compiler with project's scala-library version: 3.3.7
2026.02.27 13:50:47 INFO  no build target found for /Users/alokkumardalei/Desktop/gsoc/gsoc-onboarding/src/main/scala/gsoc/contributors/alokkumardalei-wq.scala. Using presentation compiler with project's scala-library version: 3.3.7
2026.02.27 13:50:47 INFO  no build target found for /Users/alokkumardalei/Desktop/gsoc/gsoc-onboarding/src/main/scala/gsoc/contributors/alokkumardalei-wq.scala. Using presentation compiler with project's scala-library version: 3.3.7
2026.02.27 13:50:47 INFO  no build target found for /Users/alokkumardalei/Desktop/gsoc/gsoc-onboarding/src/main/scala/gsoc/contributors/alokkumardalei-wq.scala. Using presentation compiler with project's scala-library version: 3.3.7
2026.02.27 13:50:49 INFO  no build target found for /Users/alokkumardalei/Desktop/gsoc/gsoc-onboarding/src/main/scala/gsoc/contributors/alokkumardalei-wq.scala. Using presentation compiler with project's scala-library version: 3.3.7
2026.02.27 13:50:49 INFO  no build target found for /Users/alokkumardalei/Desktop/gsoc/gsoc-onboarding/src/main/scala/gsoc/contributors/alokkumardalei-wq.scala. Using presentation compiler with project's scala-library version: 3.3.7
2026.02.27 13:50:49 INFO  no build target found for /Users/alokkumardalei/Desktop/gsoc/gsoc-onboarding/src/main/scala/gsoc/contributors/alokkumardalei-wq.scala. Using presentation compiler with project's scala-library version: 3.3.7
2026.02.27 13:50:49 INFO  no build target found for /Users/alokkumardalei/Desktop/gsoc/gsoc-onboarding/src/main/scala/gsoc/contributors/alokkumardalei-wq.scala. Using presentation compiler with project's scala-library version: 3.3.7
2026.02.27 13:50:49 INFO  no build target found for /Users/alokkumardalei/Desktop/gsoc/gsoc-onboarding/src/main/scala/gsoc/contributors/alokkumardalei-wq.scala. Using presentation compiler with project's scala-library version: 3.3.7
2026.02.27 13:50:49 INFO  no build target found for /Users/alokkumardalei/Desktop/gsoc/gsoc-onboarding/src/main/scala/gsoc/contributors/alokkumardalei-wq.scala. Using presentation compiler with project's scala-library version: 3.3.7
2026.02.27 13:50:50 INFO  no build target found for /Users/alokkumardalei/Desktop/gsoc/gsoc-onboarding/src/main/scala/gsoc/contributors/alokkumardalei-wq.scala. Using presentation compiler with project's scala-library version: 3.3.7
2026.02.27 13:50:50 INFO  no build target found for /Users/alokkumardalei/Desktop/gsoc/gsoc-onboarding/src/main/scala/gsoc/contributors/alokkumardalei-wq.scala. Using presentation compiler with project's scala-library version: 3.3.7
2026.02.27 13:50:50 INFO  no build target found for /Users/alokkumardalei/Desktop/gsoc/gsoc-onboarding/src/main/scala/gsoc/contributors/alokkumardalei-wq.scala. Using presentation compiler with project's scala-library version: 3.3.7
2026.02.27 13:50:51 INFO  no build target found for /Users/alokkumardalei/Desktop/gsoc/gsoc-onboarding/src/main/scala/gsoc/contributors/alokkumardalei-wq.scala. Using presentation compiler with project's scala-library version: 3.3.7
2026.02.27 13:50:51 WARN  no build target for: /Users/alokkumardalei/Desktop/gsoc/gsoc-onboarding/src/main/scala/gsoc/contributors/alokkumardalei-wq.scala
2026.02.27 13:50:50 INFO  no build target found for /Users/alokkumardalei/Desktop/gsoc/gsoc-onboarding/src/main/scala/gsoc/contributors/alokkumardalei-wq.scala. Using presentation compiler with project's scala-library version: 3.3.7
2026.02.27 13:50:51 INFO  no build target found for /Users/alokkumardalei/Desktop/gsoc/gsoc-onboarding/src/main/scala/gsoc/contributors/alokkumardalei-wq.scala. Using presentation compiler with project's scala-library version: 3.3.7
2026.02.27 13:50:51 INFO  no build target found for /Users/alokkumardalei/Desktop/gsoc/gsoc-onboarding/src/main/scala/gsoc/contributors/alokkumardalei-wq.scala. Using presentation compiler with project's scala-library version: 3.3.7
2026.02.27 13:50:51 INFO  no build target found for /Users/alokkumardalei/Desktop/gsoc/gsoc-onboarding/src/main/scala/gsoc/contributors/alokkumardalei-wq.scala. Using presentation compiler with project's scala-library version: 3.3.7
2026.02.27 13:50:51 INFO  no build target found for /Users/alokkumardalei/Desktop/gsoc/gsoc-onboarding/src/main/scala/gsoc/contributors/alokkumardalei-wq.scala. Using presentation compiler with project's scala-library version: 3.3.7
2026.02.27 13:50:51 INFO  no build target found for /Users/alokkumardalei/Desktop/gsoc/gsoc-onboarding/src/main/scala/gsoc/contributors/alokkumardalei-wq.scala. Using presentation compiler with project's scala-library version: 3.3.7
2026.02.27 13:50:51 INFO  no build target found for /Users/alokkumardalei/Desktop/gsoc/gsoc-onboarding/src/main/scala/gsoc/contributors/alokkumardalei-wq.scala. Using presentation compiler with project's scala-library version: 3.3.7
2026.02.27 13:50:52 INFO  no build target found for /Users/alokkumardalei/Desktop/gsoc/gsoc-onboarding/src/main/scala/gsoc/contributors/alokkumardalei-wq.scala. Using presentation compiler with project's scala-library version: 3.3.7
2026.02.27 13:50:51 INFO  no build target found for /Users/alokkumardalei/Desktop/gsoc/gsoc-onboarding/src/main/scala/gsoc/contributors/alokkumardalei-wq.scala. Using presentation compiler with project's scala-library version: 3.3.7
2026.02.27 13:50:52 WARN  no build target for: /Users/alokkumardalei/Desktop/gsoc/gsoc-onboarding/src/main/scala/gsoc/contributors/alokkumardalei-wq.scala
2026.02.27 13:50:52 INFO  no build target found for /Users/alokkumardalei/Desktop/gsoc/gsoc-onboarding/src/main/scala/gsoc/contributors/alokkumardalei-wq.scala. Using presentation compiler with project's scala-library version: 3.3.7
2026.02.27 13:50:52 INFO  no build target found for /Users/alokkumardalei/Desktop/gsoc/gsoc-onboarding/src/main/scala/gsoc/contributors/alokkumardalei-wq.scala. Using presentation compiler with project's scala-library version: 3.3.7
2026.02.27 13:50:53 INFO  no build target found for /Users/alokkumardalei/Desktop/gsoc/gsoc-onboarding/src/main/scala/gsoc/contributors/alokkumardalei-wq.scala. Using presentation compiler with project's scala-library version: 3.3.7
2026.02.27 13:50:53 INFO  no build target found for /Users/alokkumardalei/Desktop/gsoc/gsoc-onboarding/src/main/scala/gsoc/contributors/alokkumardalei-wq.scala. Using presentation compiler with project's scala-library version: 3.3.7
2026.02.27 13:50:52 INFO  no build target found for /Users/alokkumardalei/Desktop/gsoc/gsoc-onboarding/src/main/scala/gsoc/contributors/alokkumardalei-wq.scala. Using presentation compiler with project's scala-library version: 3.3.7
2026.02.27 13:50:53 INFO  no build target found for /Users/alokkumardalei/Desktop/gsoc/gsoc-onboarding/src/main/scala/gsoc/contributors/alokkumardalei-wq.scala. Using presentation compiler with project's scala-library version: 3.3.7
2026.02.27 13:50:54 WARN  no build target for: /Users/alokkumardalei/Desktop/gsoc/gsoc-onboarding/src/main/scala/gsoc/contributors/alokkumardalei-wq.scala
2026.02.27 13:50:54 INFO  no build target found for /Users/alokkumardalei/Desktop/gsoc/gsoc-onboarding/src/main/scala/gsoc/contributors/alokkumardalei-wq.scala. Using presentation compiler with project's scala-library version: 3.3.7
2026.02.27 13:50:54 INFO  no build target found for /Users/alokkumardalei/Desktop/gsoc/gsoc-onboarding/src/main/scala/gsoc/contributors/alokkumardalei-wq.scala. Using presentation compiler with project's scala-library version: 3.3.7
2026.02.27 13:50:54 INFO  no build target found for /Users/alokkumardalei/Desktop/gsoc/gsoc-onboarding/src/main/scala/gsoc/contributors/alokkumardalei-wq.scala. Using presentation compiler with project's scala-library version: 3.3.7
2026.02.27 13:50:54 INFO  no build target found for /Users/alokkumardalei/Desktop/gsoc/gsoc-onboarding/src/main/scala/gsoc/contributors/alokkumardalei-wq.scala. Using presentation compiler with project's scala-library version: 3.3.7
2026.02.27 13:50:54 INFO  no build target found for /Users/alokkumardalei/Desktop/gsoc/gsoc-onboarding/src/main/scala/gsoc/contributors/alokkumardalei-wq.scala. Using presentation compiler with project's scala-library version: 3.3.7
2026.02.27 13:50:54 INFO  no build target found for /Users/alokkumardalei/Desktop/gsoc/gsoc-onboarding/src/main/scala/gsoc/contributors/alokkumardalei-wq.scala. Using presentation compiler with project's scala-library version: 3.3.7
2026.02.27 13:50:55 INFO  no build target found for /Users/alokkumardalei/Desktop/gsoc/gsoc-onboarding/src/main/scala/gsoc/contributors/alokkumardalei-wq.scala. Using presentation compiler with project's scala-library version: 3.3.7
2026.02.27 13:50:55 INFO  no build target found for /Users/alokkumardalei/Desktop/gsoc/gsoc-onboarding/src/main/scala/gsoc/contributors/alokkumardalei-wq.scala. Using presentation compiler with project's scala-library version: 3.3.7
2026.02.27 13:50:55 INFO  no build target found for /Users/alokkumardalei/Desktop/gsoc/gsoc-onboarding/src/main/scala/gsoc/contributors/alokkumardalei-wq.scala. Using presentation compiler with project's scala-library version: 3.3.7
2026.02.27 13:50:55 INFO  no build target found for /Users/alokkumardalei/Desktop/gsoc/gsoc-onboarding/src/main/scala/gsoc/contributors/alokkumardalei-wq.scala. Using presentation compiler with project's scala-library version: 3.3.7
2026.02.27 13:50:55 INFO  no build target found for /Users/alokkumardalei/Desktop/gsoc/gsoc-onboarding/src/main/scala/gsoc/contributors/alokkumardalei-wq.scala. Using presentation compiler with project's scala-library version: 3.3.7
2026.02.27 13:50:56 INFO  no build target found for /Users/alokkumardalei/Desktop/gsoc/gsoc-onboarding/src/main/scala/gsoc/contributors/alokkumardalei-wq.scala. Using presentation compiler with project's scala-library version: 3.3.7
2026.02.27 13:50:55 INFO  no build target found for /Users/alokkumardalei/Desktop/gsoc/gsoc-onboarding/src/main/scala/gsoc/contributors/alokkumardalei-wq.scala. Using presentation compiler with project's scala-library version: 3.3.7
2026.02.27 13:50:55 INFO  no build target found for /Users/alokkumardalei/Desktop/gsoc/gsoc-onboarding/src/main/scala/gsoc/contributors/alokkumardalei-wq.scala. Using presentation compiler with project's scala-library version: 3.3.7
2026.02.27 13:50:56 INFO  no build target found for /Users/alokkumardalei/Desktop/gsoc/gsoc-onboarding/src/main/scala/gsoc/contributors/alokkumardalei-wq.scala. Using presentation compiler with project's scala-library version: 3.3.7
2026.02.27 13:50:57 WARN  no build target for: /Users/alokkumardalei/Desktop/gsoc/gsoc-onboarding/src/main/scala/gsoc/contributors/alokkumardalei-wq.scala
2026.02.27 13:50:57 INFO  no build target found for /Users/alokkumardalei/Desktop/gsoc/gsoc-onboarding/src/main/scala/gsoc/contributors/alokkumardalei-wq.scala. Using presentation compiler with project's scala-library version: 3.3.7
2026.02.27 13:50:57 INFO  no build target found for /Users/alokkumardalei/Desktop/gsoc/gsoc-onboarding/src/main/scala/gsoc/contributors/alokkumardalei-wq.scala. Using presentation compiler with project's scala-library version: 3.3.7
2026.02.27 13:51:00 INFO  no build target found for /Users/alokkumardalei/Desktop/gsoc/gsoc-onboarding/src/main/scala/gsoc/contributors/alokkumardalei-wq.scala. Using presentation compiler with project's scala-library version: 3.3.7
2026.02.27 13:51:00 INFO  no build target found for /Users/alokkumardalei/Desktop/gsoc/gsoc-onboarding/src/main/scala/gsoc/contributors/alokkumardalei-wq.scala. Using presentation compiler with project's scala-library version: 3.3.7
2026.02.27 13:51:01 INFO  no build target found for /Users/alokkumardalei/Desktop/gsoc/gsoc-onboarding/src/main/scala/gsoc/contributors/alokkumardalei-wq.scala. Using presentation compiler with project's scala-library version: 3.3.7
2026.02.27 13:51:00 INFO  no build target found for /Users/alokkumardalei/Desktop/gsoc/gsoc-onboarding/src/main/scala/gsoc/contributors/alokkumardalei-wq.scala. Using presentation compiler with project's scala-library version: 3.3.7
2026.02.27 13:51:00 INFO  no build target found for /Users/alokkumardalei/Desktop/gsoc/gsoc-onboarding/src/main/scala/gsoc/contributors/alokkumardalei-wq.scala. Using presentation compiler with project's scala-library version: 3.3.7
2026.02.27 13:51:01 INFO  no build target found for /Users/alokkumardalei/Desktop/gsoc/gsoc-onboarding/src/main/scala/gsoc/contributors/alokkumardalei-wq.scala. Using presentation compiler with project's scala-library version: 3.3.7
2026.02.27 13:51:00 INFO  no build target found for /Users/alokkumardalei/Desktop/gsoc/gsoc-onboarding/src/main/scala/gsoc/contributors/alokkumardalei-wq.scala. Using presentation compiler with project's scala-library version: 3.3.7
2026.02.27 13:51:00 INFO  no build target found for /Users/alokkumardalei/Desktop/gsoc/gsoc-onboarding/src/main/scala/gsoc/contributors/alokkumardalei-wq.scala. Using presentation compiler with project's scala-library version: 3.3.7
2026.02.27 13:51:02 INFO  no build target found for /Users/alokkumardalei/Desktop/gsoc/gsoc-onboarding/src/main/scala/gsoc/contributors/alokkumardalei-wq.scala. Using presentation compiler with project's scala-library version: 3.3.7
2026.02.27 13:51:02 INFO  no build target found for /Users/alokkumardalei/Desktop/gsoc/gsoc-onboarding/src/main/scala/gsoc/contributors/alokkumardalei-wq.scala. Using presentation compiler with project's scala-library version: 3.3.7
2026.02.27 13:51:02 INFO  no build target found for /Users/alokkumardalei/Desktop/gsoc/gsoc-onboarding/src/main/scala/gsoc/contributors/alokkumardalei-wq.scala. Using presentation compiler with project's scala-library version: 3.3.7
2026.02.27 13:51:02 INFO  no build target found for /Users/alokkumardalei/Desktop/gsoc/gsoc-onboarding/src/main/scala/gsoc/contributors/alokkumardalei-wq.scala. Using presentation compiler with project's scala-library version: 3.3.7
2026.02.27 13:51:02 INFO  no build target found for /Users/alokkumardalei/Desktop/gsoc/gsoc-onboarding/src/main/scala/gsoc/contributors/alokkumardalei-wq.scala. Using presentation compiler with project's scala-library version: 3.3.7
2026.02.27 13:51:02 INFO  no build target found for /Users/alokkumardalei/Desktop/gsoc/gsoc-onboarding/src/main/scala/gsoc/contributors/alokkumardalei-wq.scala. Using presentation compiler with project's scala-library version: 3.3.7
2026.02.27 13:51:02 INFO  no build target found for /Users/alokkumardalei/Desktop/gsoc/gsoc-onboarding/src/main/scala/gsoc/contributors/alokkumardalei-wq.scala. Using presentation compiler with project's scala-library version: 3.3.7
2026.02.27 13:51:03 INFO  no build target found for /Users/alokkumardalei/Desktop/gsoc/gsoc-onboarding/src/main/scala/gsoc/contributors/alokkumardalei-wq.scala. Using presentation compiler with project's scala-library version: 3.3.7
2026.02.27 13:51:03 INFO  no build target found for /Users/alokkumardalei/Desktop/gsoc/gsoc-onboarding/src/main/scala/gsoc/contributors/alokkumardalei-wq.scala. Using presentation compiler with project's scala-library version: 3.3.7
2026.02.27 13:51:03 INFO  no build target found for /Users/alokkumardalei/Desktop/gsoc/gsoc-onboarding/src/main/scala/gsoc/contributors/alokkumardalei-wq.scala. Using presentation compiler with project's scala-library version: 3.3.7
2026.02.27 13:51:03 INFO  no build target found for /Users/alokkumardalei/Desktop/gsoc/gsoc-onboarding/src/main/scala/gsoc/contributors/alokkumardalei-wq.scala. Using presentation compiler with project's scala-library version: 3.3.7
2026.02.27 13:51:03 INFO  no build target found for /Users/alokkumardalei/Desktop/gsoc/gsoc-onboarding/src/main/scala/gsoc/contributors/alokkumardalei-wq.scala. Using presentation compiler with project's scala-library version: 3.3.7
2026.02.27 13:51:04 WARN  no build target for: /Users/alokkumardalei/Desktop/gsoc/gsoc-onboarding/src/main/scala/gsoc/contributors/alokkumardalei-wq.scala
2026.02.27 13:51:04 INFO  no build target found for /Users/alokkumardalei/Desktop/gsoc/gsoc-onboarding/src/main/scala/gsoc/contributors/alokkumardalei-wq.scala. Using presentation compiler with project's scala-library version: 3.3.7
2026.02.27 13:51:04 INFO  no build target found for /Users/alokkumardalei/Desktop/gsoc/gsoc-onboarding/src/main/scala/gsoc/contributors/alokkumardalei-wq.scala. Using presentation compiler with project's scala-library version: 3.3.7
2026.02.27 13:51:05 INFO  no build target found for /Users/alokkumardalei/Desktop/gsoc/gsoc-onboarding/src/main/scala/gsoc/contributors/alokkumardalei-wq.scala. Using presentation compiler with project's scala-library version: 3.3.7
2026.02.27 13:51:05 INFO  no build target found for /Users/alokkumardalei/Desktop/gsoc/gsoc-onboarding/src/main/scala/gsoc/contributors/alokkumardalei-wq.scala. Using presentation compiler with project's scala-library version: 3.3.7
2026.02.27 13:51:05 INFO  no build target found for /Users/alokkumardalei/Desktop/gsoc/gsoc-onboarding/src/main/scala/gsoc/contributors/alokkumardalei-wq.scala. Using presentation compiler with project's scala-library version: 3.3.7
2026.02.27 13:51:05 INFO  no build target found for /Users/alokkumardalei/Desktop/gsoc/gsoc-onboarding/src/main/scala/gsoc/contributors/alokkumardalei-wq.scala. Using presentation compiler with project's scala-library version: 3.3.7
2026.02.27 13:51:05 INFO  no build target found for /Users/alokkumardalei/Desktop/gsoc/gsoc-onboarding/src/main/scala/gsoc/contributors/alokkumardalei-wq.scala. Using presentation compiler with project's scala-library version: 3.3.7
2026.02.27 13:51:05 INFO  no build target found for /Users/alokkumardalei/Desktop/gsoc/gsoc-onboarding/src/main/scala/gsoc/contributors/alokkumardalei-wq.scala. Using presentation compiler with project's scala-library version: 3.3.7
2026.02.27 13:51:06 INFO  no build target found for /Users/alokkumardalei/Desktop/gsoc/gsoc-onboarding/src/main/scala/gsoc/contributors/alokkumardalei-wq.scala. Using presentation compiler with project's scala-library version: 3.3.7
2026.02.27 13:51:05 INFO  no build target found for /Users/alokkumardalei/Desktop/gsoc/gsoc-onboarding/src/main/scala/gsoc/contributors/alokkumardalei-wq.scala. Using presentation compiler with project's scala-library version: 3.3.7
2026.02.27 13:51:06 INFO  no build target found for /Users/alokkumardalei/Desktop/gsoc/gsoc-onboarding/src/main/scala/gsoc/contributors/alokkumardalei-wq.scala. Using presentation compiler with project's scala-library version: 3.3.7
2026.02.27 13:51:05 INFO  no build target found for /Users/alokkumardalei/Desktop/gsoc/gsoc-onboarding/src/main/scala/gsoc/contributors/alokkumardalei-wq.scala. Using presentation compiler with project's scala-library version: 3.3.7
2026.02.27 13:51:06 INFO  no build target found for /Users/alokkumardalei/Desktop/gsoc/gsoc-onboarding/src/main/scala/gsoc/contributors/alokkumardalei-wq.scala. Using presentation compiler with project's scala-library version: 3.3.7
2026.02.27 13:51:06 INFO  no build target found for /Users/alokkumardalei/Desktop/gsoc/gsoc-onboarding/src/main/scala/gsoc/contributors/alokkumardalei-wq.scala. Using presentation compiler with project's scala-library version: 3.3.7
2026.02.27 13:51:06 INFO  no build target found for /Users/alokkumardalei/Desktop/gsoc/gsoc-onboarding/src/main/scala/gsoc/contributors/alokkumardalei-wq.scala. Using presentation compiler with project's scala-library version: 3.3.7
2026.02.27 13:51:06 INFO  no build target found for /Users/alokkumardalei/Desktop/gsoc/gsoc-onboarding/src/main/scala/gsoc/contributors/alokkumardalei-wq.scala. Using presentation compiler with project's scala-library version: 3.3.7
2026.02.27 13:51:06 INFO  no build target found for /Users/alokkumardalei/Desktop/gsoc/gsoc-onboarding/src/main/scala/gsoc/contributors/alokkumardalei-wq.scala. Using presentation compiler with project's scala-library version: 3.3.7
2026.02.27 13:51:07 INFO  no build target found for /Users/alokkumardalei/Desktop/gsoc/gsoc-onboarding/src/main/scala/gsoc/contributors/alokkumardalei-wq.scala. Using presentation compiler with project's scala-library version: 3.3.7
2026.02.27 13:51:07 INFO  no build target found for /Users/alokkumardalei/Desktop/gsoc/gsoc-onboarding/src/main/scala/gsoc/contributors/alokkumardalei-wq.scala. Using presentation compiler with project's scala-library version: 3.3.7
2026.02.27 13:51:07 WARN  no build target for: /Users/alokkumardalei/Desktop/gsoc/gsoc-onboarding/src/main/scala/gsoc/contributors/alokkumardalei-wq.scala
2026.02.27 13:51:07 INFO  no build target found for /Users/alokkumardalei/Desktop/gsoc/gsoc-onboarding/src/main/scala/gsoc/contributors/alokkumardalei-wq.scala. Using presentation compiler with project's scala-library version: 3.3.7
2026.02.27 13:52:16 WARN  no build target for: /Users/alokkumardalei/Desktop/gsoc/gsoc-onboarding/src/main/scala/gsoc/contributors/all.scala
2026.02.27 13:52:16 INFO  no build target found for /Users/alokkumardalei/Desktop/gsoc/gsoc-onboarding/src/main/scala/gsoc/contributors/all.scala. Using presentation compiler with project's scala-library version: 3.3.7
2026.02.27 13:52:16 INFO  no build target found for /Users/alokkumardalei/Desktop/gsoc/gsoc-onboarding/src/main/scala/gsoc/contributors/all.scala. Using presentation compiler with project's scala-library version: 3.3.7
2026.02.27 13:52:16 INFO  no build target found for /Users/alokkumardalei/Desktop/gsoc/gsoc-onboarding/src/main/scala/gsoc/contributors/all.scala. Using presentation compiler with project's scala-library version: 3.3.7
2026.02.27 13:52:16 INFO  no build target found for /Users/alokkumardalei/Desktop/gsoc/gsoc-onboarding/src/main/scala/gsoc/contributors/all.scala. Using presentation compiler with project's scala-library version: 3.3.7
2026.02.27 13:52:17 INFO  no build target found for /Users/alokkumardalei/Desktop/gsoc/gsoc-onboarding/src/main/scala/gsoc/contributors/all.scala. Using presentation compiler with project's scala-library version: 3.3.7
2026.02.27 13:52:19 INFO  no build target found for /Users/alokkumardalei/Desktop/gsoc/gsoc-onboarding/src/main/scala/gsoc/contributors/all.scala. Using presentation compiler with project's scala-library version: 3.3.7
2026.02.27 13:52:19 INFO  no build target found for /Users/alokkumardalei/Desktop/gsoc/gsoc-onboarding/src/main/scala/gsoc/contributors/all.scala. Using presentation compiler with project's scala-library version: 3.3.7
2026.02.27 13:52:25 INFO  no build target found for /Users/alokkumardalei/Desktop/gsoc/gsoc-onboarding/src/main/scala/gsoc/contributors/all.scala. Using presentation compiler with project's scala-library version: 3.3.7
2026.02.27 13:52:25 INFO  no build target found for /Users/alokkumardalei/Desktop/gsoc/gsoc-onboarding/src/main/scala/gsoc/contributors/all.scala. Using presentation compiler with project's scala-library version: 3.3.7
2026.02.27 13:52:25 INFO  no build target found for /Users/alokkumardalei/Desktop/gsoc/gsoc-onboarding/src/main/scala/gsoc/contributors/all.scala. Using presentation compiler with project's scala-library version: 3.3.7
2026.02.27 13:52:25 INFO  no build target found for /Users/alokkumardalei/Desktop/gsoc/gsoc-onboarding/src/main/scala/gsoc/contributors/all.scala. Using presentation compiler with project's scala-library version: 3.3.7
2026.02.27 13:52:26 INFO  no build target found for /Users/alokkumardalei/Desktop/gsoc/gsoc-onboarding/src/main/scala/gsoc/contributors/all.scala. Using presentation compiler with project's scala-library version: 3.3.7
2026.02.27 13:52:26 INFO  no build target found for /Users/alokkumardalei/Desktop/gsoc/gsoc-onboarding/src/main/scala/gsoc/contributors/all.scala. Using presentation compiler with project's scala-library version: 3.3.7
2026.02.27 13:52:29 INFO  no build target found for /Users/alokkumardalei/Desktop/gsoc/gsoc-onboarding/src/main/scala/gsoc/contributors/all.scala. Using presentation compiler with project's scala-library version: 3.3.7
2026.02.27 13:52:30 INFO  no build target found for /Users/alokkumardalei/Desktop/gsoc/gsoc-onboarding/src/main/scala/gsoc/contributors/all.scala. Using presentation compiler with project's scala-library version: 3.3.7
2026.02.27 13:52:30 INFO  no build target found for /Users/alokkumardalei/Desktop/gsoc/gsoc-onboarding/src/main/scala/gsoc/contributors/all.scala. Using presentation compiler with project's scala-library version: 3.3.7
2026.02.27 13:52:30 WARN  no build target for: /Users/alokkumardalei/Desktop/gsoc/gsoc-onboarding/src/main/scala/gsoc/contributors/all.scala
2026.02.27 13:52:30 INFO  no build target found for /Users/alokkumardalei/Desktop/gsoc/gsoc-onboarding/src/main/scala/gsoc/contributors/all.scala. Using presentation compiler with project's scala-library version: 3.3.7
2026.02.27 13:52:32 INFO  no build target found for /Users/alokkumardalei/Desktop/gsoc/gsoc-onboarding/src/main/scala/gsoc/contributors/all.scala. Using presentation compiler with project's scala-library version: 3.3.7
2026.02.27 13:52:32 INFO  no build target found for /Users/alokkumardalei/Desktop/gsoc/gsoc-onboarding/src/main/scala/gsoc/contributors/all.scala. Using presentation compiler with project's scala-library version: 3.3.7
2026.02.27 13:52:34 INFO  no build target found for /Users/alokkumardalei/Desktop/gsoc/gsoc-onboarding/src/main/scala/gsoc/contributors/all.scala. Using presentation compiler with project's scala-library version: 3.3.7
2026.02.27 13:52:34 INFO  no build target found for /Users/alokkumardalei/Desktop/gsoc/gsoc-onboarding/src/main/scala/gsoc/contributors/all.scala. Using presentation compiler with project's scala-library version: 3.3.7
2026.02.27 13:52:34 INFO  no build target found for /Users/alokkumardalei/Desktop/gsoc/gsoc-onboarding/src/main/scala/gsoc/contributors/all.scala. Using presentation compiler with project's scala-library version: 3.3.7
2026.02.27 13:52:35 WARN  no build target for: /Users/alokkumardalei/Desktop/gsoc/gsoc-onboarding/src/main/scala/gsoc/contributors/all.scala
2026.02.27 13:52:35 INFO  no build target found for /Users/alokkumardalei/Desktop/gsoc/gsoc-onboarding/src/main/scala/gsoc/contributors/all.scala. Using presentation compiler with project's scala-library version: 3.3.7
2026.02.27 13:52:36 INFO  no build target found for /Users/alokkumardalei/Desktop/gsoc/gsoc-onboarding/src/main/scala/gsoc/contributors/all.scala. Using presentation compiler with project's scala-library version: 3.3.7
2026.02.27 13:52:36 INFO  no build target found for /Users/alokkumardalei/Desktop/gsoc/gsoc-onboarding/src/main/scala/gsoc/contributors/all.scala. Using presentation compiler with project's scala-library version: 3.3.7
2026.02.27 13:52:36 INFO  no build target found for /Users/alokkumardalei/Desktop/gsoc/gsoc-onboarding/src/main/scala/gsoc/contributors/all.scala. Using presentation compiler with project's scala-library version: 3.3.7
2026.02.27 13:52:36 INFO  no build target found for /Users/alokkumardalei/Desktop/gsoc/gsoc-onboarding/src/main/scala/gsoc/contributors/all.scala. Using presentation compiler with project's scala-library version: 3.3.7
2026.02.27 13:52:37 WARN  no build target for: /Users/alokkumardalei/Desktop/gsoc/gsoc-onboarding/src/main/scala/gsoc/contributors/all.scala
2026.02.27 13:52:37 INFO  no build target found for /Users/alokkumardalei/Desktop/gsoc/gsoc-onboarding/src/main/scala/gsoc/contributors/all.scala. Using presentation compiler with project's scala-library version: 3.3.7
2026.02.27 13:52:37 INFO  no build target found for /Users/alokkumardalei/Desktop/gsoc/gsoc-onboarding/src/main/scala/gsoc/contributors/all.scala. Using presentation compiler with project's scala-library version: 3.3.7
2026.02.27 13:52:37 INFO  no build target found for /Users/alokkumardalei/Desktop/gsoc/gsoc-onboarding/src/main/scala/gsoc/contributors/all.scala. Using presentation compiler with project's scala-library version: 3.3.7
2026.02.27 13:52:37 INFO  no build target found for /Users/alokkumardalei/Desktop/gsoc/gsoc-onboarding/src/main/scala/gsoc/contributors/all.scala. Using presentation compiler with project's scala-library version: 3.3.7
2026.02.27 13:52:37 INFO  no build target found for /Users/alokkumardalei/Desktop/gsoc/gsoc-onboarding/src/main/scala/gsoc/contributors/all.scala. Using presentation compiler with project's scala-library version: 3.3.7
2026.02.27 13:52:39 INFO  no build target found for /Users/alokkumardalei/Desktop/gsoc/gsoc-onboarding/src/main/scala/gsoc/contributors/all.scala. Using presentation compiler with project's scala-library version: 3.3.7
2026.02.27 13:52:39 INFO  no build target found for /Users/alokkumardalei/Desktop/gsoc/gsoc-onboarding/src/main/scala/gsoc/contributors/all.scala. Using presentation compiler with project's scala-library version: 3.3.7
2026.02.27 13:52:39 INFO  no build target found for /Users/alokkumardalei/Desktop/gsoc/gsoc-onboarding/src/main/scala/gsoc/contributors/all.scala. Using presentation compiler with project's scala-library version: 3.3.7
2026.02.27 13:52:39 INFO  no build target found for /Users/alokkumardalei/Desktop/gsoc/gsoc-onboarding/src/main/scala/gsoc/contributors/all.scala. Using presentation compiler with project's scala-library version: 3.3.7
2026.02.27 13:52:39 INFO  no build target found for /Users/alokkumardalei/Desktop/gsoc/gsoc-onboarding/src/main/scala/gsoc/contributors/all.scala. Using presentation compiler with project's scala-library version: 3.3.7
2026.02.27 13:52:40 INFO  no build target found for /Users/alokkumardalei/Desktop/gsoc/gsoc-onboarding/src/main/scala/gsoc/contributors/all.scala. Using presentation compiler with project's scala-library version: 3.3.7
2026.02.27 13:52:40 WARN  no build target for: /Users/alokkumardalei/Desktop/gsoc/gsoc-onboarding/src/main/scala/gsoc/contributors/all.scala
2026.02.27 13:52:40 INFO  no build target found for /Users/alokkumardalei/Desktop/gsoc/gsoc-onboarding/src/main/scala/gsoc/contributors/all.scala. Using presentation compiler with project's scala-library version: 3.3.7
2026.02.27 13:52:40 INFO  no build target found for /Users/alokkumardalei/Desktop/gsoc/gsoc-onboarding/src/main/scala/gsoc/contributors/all.scala. Using presentation compiler with project's scala-library version: 3.3.7
2026.02.27 13:53:20 INFO  no build target found for /Users/alokkumardalei/Desktop/gsoc/gsoc-onboarding/src/main/scala/gsoc/contributors/alokkumardalei-wq.scala. Using presentation compiler with project's scala-library version: 3.3.7
2026.02.27 13:53:20 WARN  no build target for: /Users/alokkumardalei/Desktop/gsoc/gsoc-onboarding/src/main/scala/gsoc/contributors/alokkumardalei-wq.scala
2026.02.27 13:53:20 INFO  no build target found for /Users/alokkumardalei/Desktop/gsoc/gsoc-onboarding/src/main/scala/gsoc/contributors/alokkumardalei-wq.scala. Using presentation compiler with project's scala-library version: 3.3.7
2026.02.27 13:53:20 INFO  no build target found for /Users/alokkumardalei/Desktop/gsoc/gsoc-onboarding/src/main/scala/gsoc/contributors/alokkumardalei-wq.scala. Using presentation compiler with project's scala-library version: 3.3.7
2026.02.27 13:53:21 WARN  no build target for: /Users/alokkumardalei/Desktop/gsoc/gsoc-onboarding/src/main/scala/gsoc/contributors/all.scala
2026.02.27 13:53:21 INFO  no build target found for /Users/alokkumardalei/Desktop/gsoc/gsoc-onboarding/src/main/scala/gsoc/contributors/all.scala. Using presentation compiler with project's scala-library version: 3.3.7
2026.02.27 13:53:21 INFO  no build target found for /Users/alokkumardalei/Desktop/gsoc/gsoc-onboarding/src/main/scala/gsoc/contributors/all.scala. Using presentation compiler with project's scala-library version: 3.3.7
2026.02.27 13:53:21 INFO  no build target found for /Users/alokkumardalei/Desktop/gsoc/gsoc-onboarding/src/main/scala/gsoc/contributors/all.scala. Using presentation compiler with project's scala-library version: 3.3.7
2026.02.27 13:53:23 INFO  no build target found for /Users/alokkumardalei/Desktop/gsoc/gsoc-onboarding/src/main/scala/gsoc/contributors/all.scala. Using presentation compiler with project's scala-library version: 3.3.7
2026.02.27 13:53:23 INFO  no build target found for /Users/alokkumardalei/Desktop/gsoc/gsoc-onboarding/src/main/scala/gsoc/contributors/all.scala. Using presentation compiler with project's scala-library version: 3.3.7
2026.02.27 13:53:23 INFO  no build target found for /Users/alokkumardalei/Desktop/gsoc/gsoc-onboarding/src/main/scala/gsoc/contributors/all.scala. Using presentation compiler with project's scala-library version: 3.3.7
2026.02.27 13:53:23 INFO  no build target found for /Users/alokkumardalei/Desktop/gsoc/gsoc-onboarding/src/main/scala/gsoc/contributors/all.scala. Using presentation compiler with project's scala-library version: 3.3.7
2026.02.27 13:53:24 INFO  no build target found for /Users/alokkumardalei/Desktop/gsoc/gsoc-onboarding/src/main/scala/gsoc/contributors/all.scala. Using presentation compiler with project's scala-library version: 3.3.7
2026.02.27 13:53:24 INFO  no build target found for /Users/alokkumardalei/Desktop/gsoc/gsoc-onboarding/src/main/scala/gsoc/contributors/all.scala. Using presentation compiler with project's scala-library version: 3.3.7
2026.02.27 13:53:24 INFO  no build target found for /Users/alokkumardalei/Desktop/gsoc/gsoc-onboarding/src/main/scala/gsoc/contributors/all.scala. Using presentation compiler with project's scala-library version: 3.3.7
2026.02.27 13:53:24 INFO  no build target found for /Users/alokkumardalei/Desktop/gsoc/gsoc-onboarding/src/main/scala/gsoc/contributors/all.scala. Using presentation compiler with project's scala-library version: 3.3.7
2026.02.27 13:53:24 INFO  no build target found for /Users/alokkumardalei/Desktop/gsoc/gsoc-onboarding/src/main/scala/gsoc/contributors/all.scala. Using presentation compiler with project's scala-library version: 3.3.7
2026.02.27 13:53:28 INFO  no build target found for /Users/alokkumardalei/Desktop/gsoc/gsoc-onboarding/src/main/scala/gsoc/contributors/all.scala. Using presentation compiler with project's scala-library version: 3.3.7
2026.02.27 13:53:28 INFO  no build target found for /Users/alokkumardalei/Desktop/gsoc/gsoc-onboarding/src/main/scala/gsoc/contributors/all.scala. Using presentation compiler with project's scala-library version: 3.3.7
2026.02.27 13:53:29 WARN  no build target for: /Users/alokkumardalei/Desktop/gsoc/gsoc-onboarding/src/main/scala/gsoc/contributors/all.scala
2026.02.27 13:53:28 INFO  no build target found for /Users/alokkumardalei/Desktop/gsoc/gsoc-onboarding/src/main/scala/gsoc/contributors/all.scala. Using presentation compiler with project's scala-library version: 3.3.7
2026.02.27 13:53:29 INFO  no build target found for /Users/alokkumardalei/Desktop/gsoc/gsoc-onboarding/src/main/scala/gsoc/contributors/all.scala. Using presentation compiler with project's scala-library version: 3.3.7
2026.02.27 13:53:29 INFO  no build target found for /Users/alokkumardalei/Desktop/gsoc/gsoc-onboarding/src/main/scala/gsoc/contributors/all.scala. Using presentation compiler with project's scala-library version: 3.3.7
2026.02.27 13:53:29 INFO  no build target found for /Users/alokkumardalei/Desktop/gsoc/gsoc-onboarding/src/main/scala/gsoc/contributors/all.scala. Using presentation compiler with project's scala-library version: 3.3.7
2026.02.27 13:53:31 INFO  no build target found for /Users/alokkumardalei/Desktop/gsoc/gsoc-onboarding/src/main/scala/gsoc/contributors/all.scala. Using presentation compiler with project's scala-library version: 3.3.7
2026.02.27 13:53:31 INFO  no build target found for /Users/alokkumardalei/Desktop/gsoc/gsoc-onboarding/src/main/scala/gsoc/contributors/all.scala. Using presentation compiler with project's scala-library version: 3.3.7
2026.02.27 13:53:31 INFO  no build target found for /Users/alokkumardalei/Desktop/gsoc/gsoc-onboarding/src/main/scala/gsoc/contributors/all.scala. Using presentation compiler with project's scala-library version: 3.3.7
2026.02.27 13:53:32 INFO  no build target found for /Users/alokkumardalei/Desktop/gsoc/gsoc-onboarding/src/main/scala/gsoc/contributors/all.scala. Using presentation compiler with project's scala-library version: 3.3.7
2026.02.27 13:53:32 WARN  no build target for: /Users/alokkumardalei/Desktop/gsoc/gsoc-onboarding/src/main/scala/gsoc/contributors/all.scala
2026.02.27 13:53:32 INFO  no build target found for /Users/alokkumardalei/Desktop/gsoc/gsoc-onboarding/src/main/scala/gsoc/contributors/all.scala. Using presentation compiler with project's scala-library version: 3.3.7
2026.02.27 13:53:32 INFO  no build target found for /Users/alokkumardalei/Desktop/gsoc/gsoc-onboarding/src/main/scala/gsoc/contributors/all.scala. Using presentation compiler with project's scala-library version: 3.3.7
2026.02.27 13:53:32 INFO  no build target found for /Users/alokkumardalei/Desktop/gsoc/gsoc-onboarding/src/main/scala/gsoc/contributors/all.scala. Using presentation compiler with project's scala-library version: 3.3.7
2026.02.27 13:53:32 INFO  no build target found for /Users/alokkumardalei/Desktop/gsoc/gsoc-onboarding/src/main/scala/gsoc/contributors/all.scala. Using presentation compiler with project's scala-library version: 3.3.7
2026.02.27 13:53:32 INFO  no build target found for /Users/alokkumardalei/Desktop/gsoc/gsoc-onboarding/src/main/scala/gsoc/contributors/all.scala. Using presentation compiler with project's scala-library version: 3.3.7
2026.02.27 13:53:33 WARN  no build target for: /Users/alokkumardalei/Desktop/gsoc/gsoc-onboarding/src/main/scala/gsoc/contributors/all.scala
2026.02.27 13:53:33 INFO  no build target found for /Users/alokkumardalei/Desktop/gsoc/gsoc-onboarding/src/main/scala/gsoc/contributors/all.scala. Using presentation compiler with project's scala-library version: 3.3.7
2026.02.27 13:53:33 INFO  no build target found for /Users/alokkumardalei/Desktop/gsoc/gsoc-onboarding/src/main/scala/gsoc/contributors/all.scala. Using presentation compiler with project's scala-library version: 3.3.7
2026.02.27 13:53:34 INFO  no build target found for /Users/alokkumardalei/Desktop/gsoc/gsoc-onboarding/src/main/scala/gsoc/contributors/all.scala. Using presentation compiler with project's scala-library version: 3.3.7
2026.02.27 13:53:34 INFO  no build target found for /Users/alokkumardalei/Desktop/gsoc/gsoc-onboarding/src/main/scala/gsoc/contributors/all.scala. Using presentation compiler with project's scala-library version: 3.3.7
2026.02.27 13:54:06 INFO  no build target found for /Users/alokkumardalei/Desktop/gsoc/gsoc-onboarding/src/main/scala/gsoc/contributors/all.scala. Using presentation compiler with project's scala-library version: 3.3.7
2026.02.27 13:54:08 INFO  no build target found for /Users/alokkumardalei/Desktop/gsoc/gsoc-onboarding/src/main/scala/gsoc/contributors/all.scala. Using presentation compiler with project's scala-library version: 3.3.7
2026.02.27 13:54:10 INFO  no build target found for /Users/alokkumardalei/Desktop/gsoc/gsoc-onboarding/src/main/scala/gsoc/contributors/all.scala. Using presentation compiler with project's scala-library version: 3.3.7
2026.02.27 13:54:11 INFO  no build target found for /Users/alokkumardalei/Desktop/gsoc/gsoc-onboarding/src/main/scala/gsoc/contributors/all.scala. Using presentation compiler with project's scala-library version: 3.3.7
2026.02.27 13:54:11 INFO  no build target found for /Users/alokkumardalei/Desktop/gsoc/gsoc-onboarding/src/main/scala/gsoc/contributors/all.scala. Using presentation compiler with project's scala-library version: 3.3.7
2026.02.27 13:54:11 WARN  no build target for: /Users/alokkumardalei/Desktop/gsoc/gsoc-onboarding/src/main/scala/gsoc/contributors/all.scala
2026.02.27 13:54:11 INFO  no build target found for /Users/alokkumardalei/Desktop/gsoc/gsoc-onboarding/src/main/scala/gsoc/contributors/all.scala. Using presentation compiler with project's scala-library version: 3.3.7
2026.02.27 13:54:12 INFO  no build target found for /Users/alokkumardalei/Desktop/gsoc/gsoc-onboarding/src/main/scala/gsoc/contributors/all.scala. Using presentation compiler with project's scala-library version: 3.3.7
2026.02.27 13:54:12 INFO  no build target found for /Users/alokkumardalei/Desktop/gsoc/gsoc-onboarding/src/main/scala/gsoc/contributors/all.scala. Using presentation compiler with project's scala-library version: 3.3.7
2026.02.27 13:54:11 INFO  no build target found for /Users/alokkumardalei/Desktop/gsoc/gsoc-onboarding/src/main/scala/gsoc/contributors/all.scala. Using presentation compiler with project's scala-library version: 3.3.7
2026.02.27 13:54:13 WARN  no build target for: /Users/alokkumardalei/Desktop/gsoc/gsoc-onboarding/src/main/scala/gsoc/contributors/all.scala
2026.02.27 13:54:13 INFO  no build target found for /Users/alokkumardalei/Desktop/gsoc/gsoc-onboarding/src/main/scala/gsoc/contributors/all.scala. Using presentation compiler with project's scala-library version: 3.3.7
2026.02.27 13:54:13 INFO  no build target found for /Users/alokkumardalei/Desktop/gsoc/gsoc-onboarding/src/main/scala/gsoc/contributors/all.scala. Using presentation compiler with project's scala-library version: 3.3.7
2026.02.27 13:54:15 INFO  no build target found for /Users/alokkumardalei/Desktop/gsoc/gsoc-onboarding/src/main/scala/gsoc/contributors/all.scala. Using presentation compiler with project's scala-library version: 3.3.7
2026.02.27 13:54:15 INFO  no build target found for /Users/alokkumardalei/Desktop/gsoc/gsoc-onboarding/src/main/scala/gsoc/contributors/all.scala. Using presentation compiler with project's scala-library version: 3.3.7
2026.02.27 13:54:15 INFO  no build target found for /Users/alokkumardalei/Desktop/gsoc/gsoc-onboarding/src/main/scala/gsoc/contributors/all.scala. Using presentation compiler with project's scala-library version: 3.3.7
2026.02.27 13:54:16 INFO  no build target found for /Users/alokkumardalei/Desktop/gsoc/gsoc-onboarding/src/main/scala/gsoc/contributors/all.scala. Using presentation compiler with project's scala-library version: 3.3.7
2026.02.27 13:54:16 INFO  no build target found for /Users/alokkumardalei/Desktop/gsoc/gsoc-onboarding/src/main/scala/gsoc/contributors/all.scala. Using presentation compiler with project's scala-library version: 3.3.7
2026.02.27 13:54:16 WARN  no build target for: /Users/alokkumardalei/Desktop/gsoc/gsoc-onboarding/src/main/scala/gsoc/contributors/all.scala
2026.02.27 13:54:16 INFO  no build target found for /Users/alokkumardalei/Desktop/gsoc/gsoc-onboarding/src/main/scala/gsoc/contributors/all.scala. Using presentation compiler with project's scala-library version: 3.3.7
2026.02.27 13:54:20 INFO  no build target found for /Users/alokkumardalei/Desktop/gsoc/gsoc-onboarding/src/main/scala/gsoc/contributors/all.scala. Using presentation compiler with project's scala-library version: 3.3.7
2026.02.27 13:54:20 INFO  no build target found for /Users/alokkumardalei/Desktop/gsoc/gsoc-onboarding/src/main/scala/gsoc/contributors/all.scala. Using presentation compiler with project's scala-library version: 3.3.7
2026.02.27 13:54:59 INFO  no build target found for /Users/alokkumardalei/Desktop/gsoc/gsoc-onboarding/src/main/scala/gsoc/contributors/all.scala. Using presentation compiler with project's scala-library version: 3.3.7
2026.02.27 13:55:01 INFO  no build target found for /Users/alokkumardalei/Desktop/gsoc/gsoc-onboarding/src/main/scala/gsoc/contributors/all.scala. Using presentation compiler with project's scala-library version: 3.3.7
2026.02.27 13:55:01 INFO  no build target found for /Users/alokkumardalei/Desktop/gsoc/gsoc-onboarding/src/main/scala/gsoc/contributors/all.scala. Using presentation compiler with project's scala-library version: 3.3.7
2026.02.27 13:55:01 INFO  no build target found for /Users/alokkumardalei/Desktop/gsoc/gsoc-onboarding/src/main/scala/gsoc/contributors/all.scala. Using presentation compiler with project's scala-library version: 3.3.7
2026.02.27 13:55:03 INFO  no build target found for /Users/alokkumardalei/Desktop/gsoc/gsoc-onboarding/src/main/scala/gsoc/contributors/all.scala. Using presentation compiler with project's scala-library version: 3.3.7
2026.02.27 13:55:03 INFO  no build target found for /Users/alokkumardalei/Desktop/gsoc/gsoc-onboarding/src/main/scala/gsoc/contributors/all.scala. Using presentation compiler with project's scala-library version: 3.3.7
2026.02.27 13:55:04 INFO  no build target found for /Users/alokkumardalei/Desktop/gsoc/gsoc-onboarding/src/main/scala/gsoc/contributors/all.scala. Using presentation compiler with project's scala-library version: 3.3.7
2026.02.27 13:55:06 INFO  no build target found for /Users/alokkumardalei/Desktop/gsoc/gsoc-onboarding/src/main/scala/gsoc/contributors/all.scala. Using presentation compiler with project's scala-library version: 3.3.7
2026.02.27 13:55:06 INFO  no build target found for /Users/alokkumardalei/Desktop/gsoc/gsoc-onboarding/src/main/scala/gsoc/contributors/all.scala. Using presentation compiler with project's scala-library version: 3.3.7
2026.02.27 13:55:06 INFO  no build target found for /Users/alokkumardalei/Desktop/gsoc/gsoc-onboarding/src/main/scala/gsoc/contributors/all.scala. Using presentation compiler with project's scala-library version: 3.3.7
2026.02.27 13:55:07 WARN  no build target for: /Users/alokkumardalei/Desktop/gsoc/gsoc-onboarding/src/main/scala/gsoc/contributors/all.scala
2026.02.27 13:55:07 INFO  no build target found for /Users/alokkumardalei/Desktop/gsoc/gsoc-onboarding/src/main/scala/gsoc/contributors/all.scala. Using presentation compiler with project's scala-library version: 3.3.7
2026.02.27 13:55:07 INFO  no build target found for /Users/alokkumardalei/Desktop/gsoc/gsoc-onboarding/src/main/scala/gsoc/contributors/all.scala. Using presentation compiler with project's scala-library version: 3.3.7
2026.02.27 13:55:07 INFO  no build target found for /Users/alokkumardalei/Desktop/gsoc/gsoc-onboarding/src/main/scala/gsoc/contributors/all.scala. Using presentation compiler with project's scala-library version: 3.3.7
2026.02.27 13:55:07 INFO  no build target found for /Users/alokkumardalei/Desktop/gsoc/gsoc-onboarding/src/main/scala/gsoc/contributors/all.scala. Using presentation compiler with project's scala-library version: 3.3.7
2026.02.27 13:55:07 INFO  no build target found for /Users/alokkumardalei/Desktop/gsoc/gsoc-onboarding/src/main/scala/gsoc/contributors/all.scala. Using presentation compiler with project's scala-library version: 3.3.7
2026.02.27 13:55:08 WARN  no build target for: /Users/alokkumardalei/Desktop/gsoc/gsoc-onboarding/src/main/scala/gsoc/contributors/all.scala
2026.02.27 13:55:08 INFO  no build target found for /Users/alokkumardalei/Desktop/gsoc/gsoc-onboarding/src/main/scala/gsoc/contributors/all.scala. Using presentation compiler with project's scala-library version: 3.3.7
2026.02.27 13:55:08 INFO  no build target found for /Users/alokkumardalei/Desktop/gsoc/gsoc-onboarding/src/main/scala/gsoc/contributors/all.scala. Using presentation compiler with project's scala-library version: 3.3.7
2026.02.27 13:55:08 INFO  no build target found for /Users/alokkumardalei/Desktop/gsoc/gsoc-onboarding/src/main/scala/gsoc/contributors/all.scala. Using presentation compiler with project's scala-library version: 3.3.7
2026.02.27 13:55:08 INFO  no build target found for /Users/alokkumardalei/Desktop/gsoc/gsoc-onboarding/src/main/scala/gsoc/contributors/all.scala. Using presentation compiler with project's scala-library version: 3.3.7
2026.02.27 13:55:08 INFO  no build target found for /Users/alokkumardalei/Desktop/gsoc/gsoc-onboarding/src/main/scala/gsoc/contributors/all.scala. Using presentation compiler with project's scala-library version: 3.3.7
2026.02.27 13:55:08 INFO  no build target found for /Users/alokkumardalei/Desktop/gsoc/gsoc-onboarding/src/main/scala/gsoc/contributors/all.scala. Using presentation compiler with project's scala-library version: 3.3.7
2026.02.27 13:55:09 WARN  no build target for: /Users/alokkumardalei/Desktop/gsoc/gsoc-onboarding/src/main/scala/gsoc/contributors/all.scala
2026.02.27 13:55:09 INFO  no build target found for /Users/alokkumardalei/Desktop/gsoc/gsoc-onboarding/src/main/scala/gsoc/contributors/all.scala. Using presentation compiler with project's scala-library version: 3.3.7
2026.02.27 13:55:09 INFO  no build target found for /Users/alokkumardalei/Desktop/gsoc/gsoc-onboarding/src/main/scala/gsoc/contributors/all.scala. Using presentation compiler with project's scala-library version: 3.3.7
2026.02.27 13:55:09 INFO  no build target found for /Users/alokkumardalei/Desktop/gsoc/gsoc-onboarding/src/main/scala/gsoc/contributors/all.scala. Using presentation compiler with project's scala-library version: 3.3.7
2026.02.27 13:55:09 INFO  no build target found for /Users/alokkumardalei/Desktop/gsoc/gsoc-onboarding/src/main/scala/gsoc/contributors/all.scala. Using presentation compiler with project's scala-library version: 3.3.7
2026.02.27 13:55:09 INFO  no build target found for /Users/alokkumardalei/Desktop/gsoc/gsoc-onboarding/src/main/scala/gsoc/contributors/all.scala. Using presentation compiler with project's scala-library version: 3.3.7
2026.02.27 13:55:11 INFO  no build target found for /Users/alokkumardalei/Desktop/gsoc/gsoc-onboarding/src/main/scala/gsoc/contributors/all.scala. Using presentation compiler with project's scala-library version: 3.3.7
2026.02.27 13:55:11 INFO  no build target found for /Users/alokkumardalei/Desktop/gsoc/gsoc-onboarding/src/main/scala/gsoc/contributors/all.scala. Using presentation compiler with project's scala-library version: 3.3.7
2026.02.27 13:55:11 WARN  no build target for: /Users/alokkumardalei/Desktop/gsoc/gsoc-onboarding/src/main/scala/gsoc/contributors/all.scala
2026.02.27 13:55:11 INFO  no build target found for /Users/alokkumardalei/Desktop/gsoc/gsoc-onboarding/src/main/scala/gsoc/contributors/all.scala. Using presentation compiler with project's scala-library version: 3.3.7
2026.02.27 13:55:11 INFO  no build target found for /Users/alokkumardalei/Desktop/gsoc/gsoc-onboarding/src/main/scala/gsoc/contributors/all.scala. Using presentation compiler with project's scala-library version: 3.3.7
2026.02.27 13:55:45 INFO  no build target found for /Users/alokkumardalei/Desktop/gsoc/gsoc-onboarding/src/main/scala/gsoc/contributors/all.scala. Using presentation compiler with project's scala-library version: 3.3.7
2026.02.27 13:55:47 INFO  no build target found for /Users/alokkumardalei/Desktop/gsoc/gsoc-onboarding/src/main/scala/gsoc/contributors/all.scala. Using presentation compiler with project's scala-library version: 3.3.7
2026.02.27 13:55:47 INFO  no build target found for /Users/alokkumardalei/Desktop/gsoc/gsoc-onboarding/src/main/scala/gsoc/contributors/all.scala. Using presentation compiler with project's scala-library version: 3.3.7
2026.02.27 13:55:48 INFO  no build target found for /Users/alokkumardalei/Desktop/gsoc/gsoc-onboarding/src/main/scala/gsoc/contributors/all.scala. Using presentation compiler with project's scala-library version: 3.3.7
2026.02.27 13:55:48 INFO  no build target found for /Users/alokkumardalei/Desktop/gsoc/gsoc-onboarding/src/main/scala/gsoc/contributors/all.scala. Using presentation compiler with project's scala-library version: 3.3.7
2026.02.27 13:55:50 INFO  no build target found for /Users/alokkumardalei/Desktop/gsoc/gsoc-onboarding/src/main/scala/gsoc/contributors/all.scala. Using presentation compiler with project's scala-library version: 3.3.7
2026.02.27 13:55:50 INFO  no build target found for /Users/alokkumardalei/Desktop/gsoc/gsoc-onboarding/src/main/scala/gsoc/contributors/all.scala. Using presentation compiler with project's scala-library version: 3.3.7
2026.02.27 13:55:51 INFO  no build target found for /Users/alokkumardalei/Desktop/gsoc/gsoc-onboarding/src/main/scala/gsoc/contributors/all.scala. Using presentation compiler with project's scala-library version: 3.3.7
2026.02.27 13:55:51 INFO  no build target found for /Users/alokkumardalei/Desktop/gsoc/gsoc-onboarding/src/main/scala/gsoc/contributors/all.scala. Using presentation compiler with project's scala-library version: 3.3.7
2026.02.27 13:55:51 INFO  no build target found for /Users/alokkumardalei/Desktop/gsoc/gsoc-onboarding/src/main/scala/gsoc/contributors/all.scala. Using presentation compiler with project's scala-library version: 3.3.7
2026.02.27 13:55:51 INFO  no build target found for /Users/alokkumardalei/Desktop/gsoc/gsoc-onboarding/src/main/scala/gsoc/contributors/all.scala. Using presentation compiler with project's scala-library version: 3.3.7
2026.02.27 13:55:51 INFO  no build target found for /Users/alokkumardalei/Desktop/gsoc/gsoc-onboarding/src/main/scala/gsoc/contributors/all.scala. Using presentation compiler with project's scala-library version: 3.3.7
2026.02.27 13:55:51 INFO  no build target found for /Users/alokkumardalei/Desktop/gsoc/gsoc-onboarding/src/main/scala/gsoc/contributors/all.scala. Using presentation compiler with project's scala-library version: 3.3.7
2026.02.27 13:55:51 INFO  no build target found for /Users/alokkumardalei/Desktop/gsoc/gsoc-onboarding/src/main/scala/gsoc/contributors/all.scala. Using presentation compiler with project's scala-library version: 3.3.7
2026.02.27 13:55:51 INFO  no build target found for /Users/alokkumardalei/Desktop/gsoc/gsoc-onboarding/src/main/scala/gsoc/contributors/all.scala. Using presentation compiler with project's scala-library version: 3.3.7
2026.02.27 13:55:51 INFO  no build target found for /Users/alokkumardalei/Desktop/gsoc/gsoc-onboarding/src/main/scala/gsoc/contributors/all.scala. Using presentation compiler with project's scala-library version: 3.3.7
2026.02.27 13:55:52 INFO  no build target found for /Users/alokkumardalei/Desktop/gsoc/gsoc-onboarding/src/main/scala/gsoc/contributors/all.scala. Using presentation compiler with project's scala-library version: 3.3.7
2026.02.27 13:55:52 INFO  no build target found for /Users/alokkumardalei/Desktop/gsoc/gsoc-onboarding/src/main/scala/gsoc/contributors/all.scala. Using presentation compiler with project's scala-library version: 3.3.7
2026.02.27 13:55:52 INFO  no build target found for /Users/alokkumardalei/Desktop/gsoc/gsoc-onboarding/src/main/scala/gsoc/contributors/all.scala. Using presentation compiler with project's scala-library version: 3.3.7
2026.02.27 13:55:52 INFO  no build target found for /Users/alokkumardalei/Desktop/gsoc/gsoc-onboarding/src/main/scala/gsoc/contributors/all.scala. Using presentation compiler with project's scala-library version: 3.3.7
2026.02.27 13:55:53 INFO  no build target found for /Users/alokkumardalei/Desktop/gsoc/gsoc-onboarding/src/main/scala/gsoc/contributors/all.scala. Using presentation compiler with project's scala-library version: 3.3.7
2026.02.27 13:55:54 INFO  no build target found for /Users/alokkumardalei/Desktop/gsoc/gsoc-onboarding/src/main/scala/gsoc/contributors/all.scala. Using presentation compiler with project's scala-library version: 3.3.7
2026.02.27 13:55:54 WARN  no build target for: /Users/alokkumardalei/Desktop/gsoc/gsoc-onboarding/src/main/scala/gsoc/contributors/all.scala
2026.02.27 13:55:54 INFO  no build target found for /Users/alokkumardalei/Desktop/gsoc/gsoc-onboarding/src/main/scala/gsoc/contributors/all.scala. Using presentation compiler with project's scala-library version: 3.3.7
2026.02.27 13:55:54 INFO  no build target found for /Users/alokkumardalei/Desktop/gsoc/gsoc-onboarding/src/main/scala/gsoc/contributors/all.scala. Using presentation compiler with project's scala-library version: 3.3.7
2026.02.27 13:55:54 INFO  no build target found for /Users/alokkumardalei/Desktop/gsoc/gsoc-onboarding/src/main/scala/gsoc/contributors/all.scala. Using presentation compiler with project's scala-library version: 3.3.7
2026.02.27 13:55:56 INFO  no build target found for /Users/alokkumardalei/Desktop/gsoc/gsoc-onboarding/src/main/scala/gsoc/contributors/all.scala. Using presentation compiler with project's scala-library version: 3.3.7
2026.02.27 13:55:56 INFO  no build target found for /Users/alokkumardalei/Desktop/gsoc/gsoc-onboarding/src/main/scala/gsoc/contributors/all.scala. Using presentation compiler with project's scala-library version: 3.3.7
2026.02.27 13:55:56 INFO  no build target found for /Users/alokkumardalei/Desktop/gsoc/gsoc-onboarding/src/main/scala/gsoc/contributors/all.scala. Using presentation compiler with project's scala-library version: 3.3.7
2026.02.27 13:55:57 INFO  no build target found for /Users/alokkumardalei/Desktop/gsoc/gsoc-onboarding/src/main/scala/gsoc/contributors/all.scala. Using presentation compiler with project's scala-library version: 3.3.7
2026.02.27 13:55:57 INFO  no build target found for /Users/alokkumardalei/Desktop/gsoc/gsoc-onboarding/src/main/scala/gsoc/contributors/all.scala. Using presentation compiler with project's scala-library version: 3.3.7
2026.02.27 13:55:57 INFO  no build target found for /Users/alokkumardalei/Desktop/gsoc/gsoc-onboarding/src/main/scala/gsoc/contributors/all.scala. Using presentation compiler with project's scala-library version: 3.3.7
2026.02.27 13:55:58 INFO  no build target found for /Users/alokkumardalei/Desktop/gsoc/gsoc-onboarding/src/main/scala/gsoc/contributors/all.scala. Using presentation compiler with project's scala-library version: 3.3.7
2026.02.27 13:55:58 INFO  no build target found for /Users/alokkumardalei/Desktop/gsoc/gsoc-onboarding/src/main/scala/gsoc/contributors/all.scala. Using presentation compiler with project's scala-library version: 3.3.7
2026.02.27 13:55:58 INFO  no build target found for /Users/alokkumardalei/Desktop/gsoc/gsoc-onboarding/src/main/scala/gsoc/contributors/all.scala. Using presentation compiler with project's scala-library version: 3.3.7
2026.02.27 13:55:58 INFO  no build target found for /Users/alokkumardalei/Desktop/gsoc/gsoc-onboarding/src/main/scala/gsoc/contributors/all.scala. Using presentation compiler with project's scala-library version: 3.3.7
2026.02.27 13:55:58 INFO  no build target found for /Users/alokkumardalei/Desktop/gsoc/gsoc-onboarding/src/main/scala/gsoc/contributors/all.scala. Using presentation compiler with project's scala-library version: 3.3.7
2026.02.27 13:55:59 INFO  no build target found for /Users/alokkumardalei/Desktop/gsoc/gsoc-onboarding/src/main/scala/gsoc/contributors/all.scala. Using presentation compiler with project's scala-library version: 3.3.7
2026.02.27 13:56:00 INFO  no build target found for /Users/alokkumardalei/Desktop/gsoc/gsoc-onboarding/src/main/scala/gsoc/contributors/all.scala. Using presentation compiler with project's scala-library version: 3.3.7
2026.02.27 13:55:59 INFO  no build target found for /Users/alokkumardalei/Desktop/gsoc/gsoc-onboarding/src/main/scala/gsoc/contributors/all.scala. Using presentation compiler with project's scala-library version: 3.3.7
2026.02.27 13:56:00 WARN  no build target for: /Users/alokkumardalei/Desktop/gsoc/gsoc-onboarding/src/main/scala/gsoc/contributors/all.scala
2026.02.27 13:56:00 INFO  no build target found for /Users/alokkumardalei/Desktop/gsoc/gsoc-onboarding/src/main/scala/gsoc/contributors/all.scala. Using presentation compiler with project's scala-library version: 3.3.7
2026.02.27 13:56:00 INFO  no build target found for /Users/alokkumardalei/Desktop/gsoc/gsoc-onboarding/src/main/scala/gsoc/contributors/all.scala. Using presentation compiler with project's scala-library version: 3.3.7
2026.02.27 13:56:01 INFO  no build target found for /Users/alokkumardalei/Desktop/gsoc/gsoc-onboarding/src/main/scala/gsoc/contributors/all.scala. Using presentation compiler with project's scala-library version: 3.3.7
2026.02.27 13:56:01 INFO  no build target found for /Users/alokkumardalei/Desktop/gsoc/gsoc-onboarding/src/main/scala/gsoc/contributors/all.scala. Using presentation compiler with project's scala-library version: 3.3.7
2026.02.27 13:56:01 INFO  no build target found for /Users/alokkumardalei/Desktop/gsoc/gsoc-onboarding/src/main/scala/gsoc/contributors/all.scala. Using presentation compiler with project's scala-library version: 3.3.7
2026.02.27 13:56:01 INFO  no build target found for /Users/alokkumardalei/Desktop/gsoc/gsoc-onboarding/src/main/scala/gsoc/contributors/all.scala. Using presentation compiler with project's scala-library version: 3.3.7
2026.02.27 13:56:02 INFO  no build target found for /Users/alokkumardalei/Desktop/gsoc/gsoc-onboarding/src/main/scala/gsoc/contributors/all.scala. Using presentation compiler with project's scala-library version: 3.3.7
2026.02.27 13:56:02 INFO  no build target found for /Users/alokkumardalei/Desktop/gsoc/gsoc-onboarding/src/main/scala/gsoc/contributors/all.scala. Using presentation compiler with project's scala-library version: 3.3.7
2026.02.27 13:56:02 INFO  no build target found for /Users/alokkumardalei/Desktop/gsoc/gsoc-onboarding/src/main/scala/gsoc/contributors/all.scala. Using presentation compiler with project's scala-library version: 3.3.7
2026.02.27 13:56:02 INFO  no build target found for /Users/alokkumardalei/Desktop/gsoc/gsoc-onboarding/src/main/scala/gsoc/contributors/all.scala. Using presentation compiler with project's scala-library version: 3.3.7
2026.02.27 13:56:03 INFO  no build target found for /Users/alokkumardalei/Desktop/gsoc/gsoc-onboarding/src/main/scala/gsoc/contributors/all.scala. Using presentation compiler with project's scala-library version: 3.3.7
2026.02.27 13:56:03 WARN  no build target for: /Users/alokkumardalei/Desktop/gsoc/gsoc-onboarding/src/main/scala/gsoc/contributors/all.scala
2026.02.27 13:56:02 INFO  no build target found for /Users/alokkumardalei/Desktop/gsoc/gsoc-onboarding/src/main/scala/gsoc/contributors/all.scala. Using presentation compiler with project's scala-library version: 3.3.7
2026.02.27 13:56:04 INFO  no build target found for /Users/alokkumardalei/Desktop/gsoc/gsoc-onboarding/src/main/scala/gsoc/contributors/all.scala. Using presentation compiler with project's scala-library version: 3.3.7
2026.02.27 13:56:04 INFO  no build target found for /Users/alokkumardalei/Desktop/gsoc/gsoc-onboarding/src/main/scala/gsoc/contributors/all.scala. Using presentation compiler with project's scala-library version: 3.3.7
2026.02.27 13:56:05 INFO  no build target found for /Users/alokkumardalei/Desktop/gsoc/gsoc-onboarding/src/main/scala/gsoc/contributors/all.scala. Using presentation compiler with project's scala-library version: 3.3.7
2026.02.27 13:56:05 INFO  no build target found for /Users/alokkumardalei/Desktop/gsoc/gsoc-onboarding/src/main/scala/gsoc/contributors/all.scala. Using presentation compiler with project's scala-library version: 3.3.7
2026.02.27 13:56:05 INFO  no build target found for /Users/alokkumardalei/Desktop/gsoc/gsoc-onboarding/src/main/scala/gsoc/contributors/all.scala. Using presentation compiler with project's scala-library version: 3.3.7
2026.02.27 13:56:06 INFO  no build target found for /Users/alokkumardalei/Desktop/gsoc/gsoc-onboarding/src/main/scala/gsoc/contributors/all.scala. Using presentation compiler with project's scala-library version: 3.3.7
2026.02.27 13:56:06 INFO  no build target found for /Users/alokkumardalei/Desktop/gsoc/gsoc-onboarding/src/main/scala/gsoc/contributors/all.scala. Using presentation compiler with project's scala-library version: 3.3.7
2026.02.27 13:56:07 WARN  no build target for: /Users/alokkumardalei/Desktop/gsoc/gsoc-onboarding/src/main/scala/gsoc/contributors/all.scala
2026.02.27 13:56:07 INFO  no build target found for /Users/alokkumardalei/Desktop/gsoc/gsoc-onboarding/src/main/scala/gsoc/contributors/all.scala. Using presentation compiler with project's scala-library version: 3.3.7
2026.02.27 13:56:06 INFO  no build target found for /Users/alokkumardalei/Desktop/gsoc/gsoc-onboarding/src/main/scala/gsoc/contributors/all.scala. Using presentation compiler with project's scala-library version: 3.3.7
2026.02.27 13:56:08 INFO  no build target found for /Users/alokkumardalei/Desktop/gsoc/gsoc-onboarding/src/main/scala/gsoc/contributors/all.scala. Using presentation compiler with project's scala-library version: 3.3.7
2026.02.27 13:56:08 INFO  no build target found for /Users/alokkumardalei/Desktop/gsoc/gsoc-onboarding/src/main/scala/gsoc/contributors/all.scala. Using presentation compiler with project's scala-library version: 3.3.7
2026.02.27 13:56:08 INFO  no build target found for /Users/alokkumardalei/Desktop/gsoc/gsoc-onboarding/src/main/scala/gsoc/contributors/all.scala. Using presentation compiler with project's scala-library version: 3.3.7
2026.02.27 13:56:09 INFO  no build target found for /Users/alokkumardalei/Desktop/gsoc/gsoc-onboarding/src/main/scala/gsoc/contributors/all.scala. Using presentation compiler with project's scala-library version: 3.3.7
2026.02.27 13:56:09 INFO  no build target found for /Users/alokkumardalei/Desktop/gsoc/gsoc-onboarding/src/main/scala/gsoc/contributors/all.scala. Using presentation compiler with project's scala-library version: 3.3.7
2026.02.27 13:56:09 INFO  no build target found for /Users/alokkumardalei/Desktop/gsoc/gsoc-onboarding/src/main/scala/gsoc/contributors/all.scala. Using presentation compiler with project's scala-library version: 3.3.7
2026.02.27 13:56:09 INFO  no build target found for /Users/alokkumardalei/Desktop/gsoc/gsoc-onboarding/src/main/scala/gsoc/contributors/all.scala. Using presentation compiler with project's scala-library version: 3.3.7
2026.02.27 13:56:09 INFO  no build target found for /Users/alokkumardalei/Desktop/gsoc/gsoc-onboarding/src/main/scala/gsoc/contributors/all.scala. Using presentation compiler with project's scala-library version: 3.3.7
2026.02.27 13:56:10 INFO  no build target found for /Users/alokkumardalei/Desktop/gsoc/gsoc-onboarding/src/main/scala/gsoc/contributors/all.scala. Using presentation compiler with project's scala-library version: 3.3.7
2026.02.27 13:56:09 INFO  no build target found for /Users/alokkumardalei/Desktop/gsoc/gsoc-onboarding/src/main/scala/gsoc/contributors/all.scala. Using presentation compiler with project's scala-library version: 3.3.7
2026.02.27 13:56:11 INFO  no build target found for /Users/alokkumardalei/Desktop/gsoc/gsoc-onboarding/src/main/scala/gsoc/contributors/all.scala. Using presentation compiler with project's scala-library version: 3.3.7
2026.02.27 13:56:11 WARN  no build target for: /Users/alokkumardalei/Desktop/gsoc/gsoc-onboarding/src/main/scala/gsoc/contributors/all.scala
2026.02.27 13:56:11 INFO  no build target found for /Users/alokkumardalei/Desktop/gsoc/gsoc-onboarding/src/main/scala/gsoc/contributors/all.scala. Using presentation compiler with project's scala-library version: 3.3.7
2026.02.27 13:56:11 INFO  no build target found for /Users/alokkumardalei/Desktop/gsoc/gsoc-onboarding/src/main/scala/gsoc/contributors/all.scala. Using presentation compiler with project's scala-library version: 3.3.7
2026.02.27 13:56:11 INFO  no build target found for /Users/alokkumardalei/Desktop/gsoc/gsoc-onboarding/src/main/scala/gsoc/contributors/all.scala. Using presentation compiler with project's scala-library version: 3.3.7
2026.02.27 13:56:11 INFO  no build target found for /Users/alokkumardalei/Desktop/gsoc/gsoc-onboarding/src/main/scala/gsoc/contributors/all.scala. Using presentation compiler with project's scala-library version: 3.3.7
2026.02.27 13:56:11 INFO  no build target found for /Users/alokkumardalei/Desktop/gsoc/gsoc-onboarding/src/main/scala/gsoc/contributors/all.scala. Using presentation compiler with project's scala-library version: 3.3.7
2026.02.27 13:56:12 INFO  no build target found for /Users/alokkumardalei/Desktop/gsoc/gsoc-onboarding/src/main/scala/gsoc/contributors/all.scala. Using presentation compiler with project's scala-library version: 3.3.7
2026.02.27 13:56:12 WARN  no build target for: /Users/alokkumardalei/Desktop/gsoc/gsoc-onboarding/src/main/scala/gsoc/contributors/all.scala
2026.02.27 13:56:12 INFO  no build target found for /Users/alokkumardalei/Desktop/gsoc/gsoc-onboarding/src/main/scala/gsoc/contributors/all.scala. Using presentation compiler with project's scala-library version: 3.3.7
2026.02.27 13:56:13 INFO  no build target found for /Users/alokkumardalei/Desktop/gsoc/gsoc-onboarding/src/main/scala/gsoc/contributors/all.scala. Using presentation compiler with project's scala-library version: 3.3.7
2026.02.27 13:56:13 INFO  no build target found for /Users/alokkumardalei/Desktop/gsoc/gsoc-onboarding/src/main/scala/gsoc/contributors/all.scala. Using presentation compiler with project's scala-library version: 3.3.7
2026.02.27 13:56:13 INFO  no build target found for /Users/alokkumardalei/Desktop/gsoc/gsoc-onboarding/src/main/scala/gsoc/contributors/all.scala. Using presentation compiler with project's scala-library version: 3.3.7
2026.02.27 13:56:14 INFO  no build target found for /Users/alokkumardalei/Desktop/gsoc/gsoc-onboarding/src/main/scala/gsoc/contributors/all.scala. Using presentation compiler with project's scala-library version: 3.3.7
2026.02.27 13:56:14 INFO  no build target found for /Users/alokkumardalei/Desktop/gsoc/gsoc-onboarding/src/main/scala/gsoc/contributors/all.scala. Using presentation compiler with project's scala-library version: 3.3.7
2026.02.27 13:56:14 INFO  no build target found for /Users/alokkumardalei/Desktop/gsoc/gsoc-onboarding/src/main/scala/gsoc/contributors/all.scala. Using presentation compiler with project's scala-library version: 3.3.7
2026.02.27 13:56:15 WARN  no build target for: /Users/alokkumardalei/Desktop/gsoc/gsoc-onboarding/src/main/scala/gsoc/contributors/all.scala
2026.02.27 13:56:15 INFO  no build target found for /Users/alokkumardalei/Desktop/gsoc/gsoc-onboarding/src/main/scala/gsoc/contributors/all.scala. Using presentation compiler with project's scala-library version: 3.3.7
2026.02.27 13:56:15 INFO  no build target found for /Users/alokkumardalei/Desktop/gsoc/gsoc-onboarding/src/main/scala/gsoc/contributors/all.scala. Using presentation compiler with project's scala-library version: 3.3.7
2026.02.27 13:56:15 INFO  no build target found for /Users/alokkumardalei/Desktop/gsoc/gsoc-onboarding/src/main/scala/gsoc/contributors/all.scala. Using presentation compiler with project's scala-library version: 3.3.7
2026.02.27 13:56:15 INFO  no build target found for /Users/alokkumardalei/Desktop/gsoc/gsoc-onboarding/src/main/scala/gsoc/contributors/all.scala. Using presentation compiler with project's scala-library version: 3.3.7
2026.02.27 13:56:16 INFO  no build target found for /Users/alokkumardalei/Desktop/gsoc/gsoc-onboarding/src/main/scala/gsoc/contributors/all.scala. Using presentation compiler with project's scala-library version: 3.3.7
2026.02.27 13:56:15 INFO  no build target found for /Users/alokkumardalei/Desktop/gsoc/gsoc-onboarding/src/main/scala/gsoc/contributors/all.scala. Using presentation compiler with project's scala-library version: 3.3.7
2026.02.27 13:56:15 INFO  no build target found for /Users/alokkumardalei/Desktop/gsoc/gsoc-onboarding/src/main/scala/gsoc/contributors/all.scala. Using presentation compiler with project's scala-library version: 3.3.7
2026.02.27 13:56:16 INFO  no build target found for /Users/alokkumardalei/Desktop/gsoc/gsoc-onboarding/src/main/scala/gsoc/contributors/all.scala. Using presentation compiler with project's scala-library version: 3.3.7
2026.02.27 13:56:16 INFO  no build target found for /Users/alokkumardalei/Desktop/gsoc/gsoc-onboarding/src/main/scala/gsoc/contributors/all.scala. Using presentation compiler with project's scala-library version: 3.3.7
2026.02.27 13:56:17 WARN  no build target for: /Users/alokkumardalei/Desktop/gsoc/gsoc-onboarding/src/main/scala/gsoc/contributors/all.scala
2026.02.27 13:56:17 INFO  no build target found for /Users/alokkumardalei/Desktop/gsoc/gsoc-onboarding/src/main/scala/gsoc/contributors/all.scala. Using presentation compiler with project's scala-library version: 3.3.7
